,Symbol,Owner,Relationship,Date,Cost,Number of Shares,Value,Total Shares,Filing,Type
1,GORO,Perry Kimberly C,Director,"Jul 23, 2020",$4.73,4,19,25459,"Jul 24, 2020, 07:27 PM",buy
2,MACK,Andersen Eric,Director,"Jul 22, 2020",$3.11,177274,552086,819446,"Jul 24, 2020, 06:59 PM",buy
3,MACK,Levy Noah G.,Director,"Jul 22, 2020",$3.11,177274,552087,796365,"Jul 24, 2020, 06:59 PM",buy
4,OSG,"Saltchuk Resources, Inc.",10% Owner,"Jul 23, 2020",$2.47,834933,2062285,14115798,"Jul 24, 2020, 06:50 PM",buy
5,OSG,"Saltchuk Resources, Inc.",10% Owner,"Jul 22, 2020",$2.49,1352125,3366791,13280865,"Jul 24, 2020, 06:50 PM",buy
6,EDF,CRAIGE JAMES E,Executive Vice President,"Jul 23, 2020",$6.89,10000,68900,10000,"Jul 24, 2020, 05:40 PM",buy
7,EDF,CRAIGE JAMES E,Executive Vice President,"Jul 23, 2020",$6.96,3000,20880,3505,"Jul 24, 2020, 05:40 PM",buy
8,CCEL,PORTNOY DAVID,Co-Chief Executive Officer,"Jul 24, 2020",$8.27,10120,83709,82846,"Jul 24, 2020, 05:38 PM",buy
9,CCEL,PORTNOY DAVID,Co-Chief Executive Officer,"Jul 23, 2020",$8.41,1000,8414,72726,"Jul 24, 2020, 05:38 PM",buy
10,CCEL,PORTNOY DAVID,Co-Chief Executive Officer,"Jul 22, 2020",$8.14,3000,24430,71726,"Jul 24, 2020, 05:38 PM",buy
11,CCEL,PORTNOY DAVID,Co-Chief Executive Officer,"Jul 24, 2020",$8.25,3500,28875,85364,"Jul 24, 2020, 05:38 PM",buy
12,GMED,Douglas Robert Andrew,Director,"Jul 22, 2020",$47.75,690,32948,1390,"Jul 24, 2020, 05:00 PM",buy
13,FNB,Bena Pamela A,Director,"Jul 23, 2020",$7.63,2500,19073,39786,"Jul 24, 2020, 04:38 PM",buy
14,RICK,Elaine Johnson Martin,Director,"Mar 19, 2020",$7.00,143,1001,7221,"Jul 24, 2020, 04:35 PM",buy
15,RICK,Elaine Johnson Martin,Director,"Mar 16, 2020",$9.00,38,342,7078,"Jul 24, 2020, 04:35 PM",buy
16,SREV,"Edenbrook Capital, LLC",10% Owner,"Jul 23, 2020",$1.45,100,145,10875010,"Jul 24, 2020, 04:24 PM",buy
17,HCAP,Jolson Joseph A,Chief Executive Officer,"Jul 23, 2020",$4.00,3050,12200,856797,"Jul 24, 2020, 04:21 PM",buy
18,HCAP,Jolson Joseph A,Chief Executive Officer,"Jul 24, 2020",$4.00,200,800,856997,"Jul 24, 2020, 04:21 PM",buy
19,RVP,SHAW THOMAS J,President and CEO,"Jul 24, 2020",$9.83,300,2949,14562589,"Jul 24, 2020, 04:20 PM",buy
20,ATLO,Benson David W.,Director,"Jul 23, 2020",$19.00,200,3800,1949,"Jul 24, 2020, 04:19 PM",buy
21,WTFC,SWEENEY GARY D,Director,"Jul 23, 2020",$44.66,785,35058,6433,"Jul 24, 2020, 04:13 PM",buy
22,CASI,Zhang Larry,President,"Jul 22, 2020",$1.90,20153,38291,20153,"Jul 24, 2020, 04:05 PM",buy
23,CASI,He Wei-Wu,Chairman and CEO,"Jul 22, 2020",$1.90,1200000,2280000,7532347,"Jul 24, 2020, 04:03 PM",buy
24,CASI,He Wei-Wu,Chairman and CEO,"Jul 22, 2020",$1.90,2952426,5609609,4836523,"Jul 24, 2020, 04:03 PM",buy
25,ASA,Merk Alexander,COO,"Jul 24, 2020",$22.14,1270,28124,13355,"Jul 24, 2020, 03:44 PM",buy
26,RCG,STAHL MURRAY,President and CEO,"Jul 23, 2020",$1.29,50,65,9384,"Jul 24, 2020, 03:31 PM",buy
27,RCG,STAHL MURRAY,President and CEO,"Jul 23, 2020",$1.29,200,258,9334,"Jul 24, 2020, 03:31 PM",buy
28,RCG,STAHL MURRAY,President and CEO,"Jul 23, 2020",$1.29,100,129,9684,"Jul 24, 2020, 03:31 PM",buy
29,RCG,STAHL MURRAY,President and CEO,"Jul 23, 2020",$1.29,200,258,9584,"Jul 24, 2020, 03:31 PM",buy
30,FLUX,Cosentino John A Jr,Director,"Jul 24, 2020",$4.00,62500,250000,62500,"Jul 24, 2020, 02:32 PM",buy
31,RKFL,Rouf Henrik,10% Owner,"Apr 20, 2020",$4.00,15625,62500,2752418,"Jul 24, 2020, 01:19 PM",buy
32,RKFL,Rouf Henrik,10% Owner,"May 18, 2020",$4.00,36250,145000,2716168,"Jul 24, 2020, 01:19 PM",buy
33,RKFL,Rouf Henrik,10% Owner,"May 18, 2020",$4.00,36250,145000,2716168,"Jul 24, 2020, 11:27 AM",buy
34,RKFL,Rouf Henrik,10% Owner,"Apr 20, 2020",$4.00,15625,62500,2752418,"Jul 24, 2020, 11:27 AM",buy
35,TPL,HORIZON KINETICS ASSET MANAGEMENT LLC,10% Owner,"Jul 23, 2020",$568.80,14,7963,282849,"Jul 24, 2020, 11:16 AM",buy
36,RZLT,"HANDOK, INC.",10% Owner,"Jul 23, 2020",$0.30,187000,56511,93714587,"Jul 24, 2020, 10:01 AM",buy
37,RZLT,"HANDOK, INC.",10% Owner,"Jul 22, 2020",$0.28,250000,70750,93527587,"Jul 24, 2020, 10:01 AM",buy
38,EVF,"Saba Capital Management, L.P.",10% Owner,"Jul 22, 2020",$5.42,32732,177407,6191531,"Jul 24, 2020, 09:44 AM",buy
39,EVF,"Saba Capital Management, L.P.",10% Owner,"Jul 23, 2020",$5.48,87299,478399,6278830,"Jul 24, 2020, 09:44 AM",buy
40,CMGO,LAKEN GLENN B,CEO,"Jul 08, 2020",$0.01,20000,125,11940000,"Jul 24, 2020, 09:16 AM",buy
41,CMGO,LAKEN GLENN B,CEO,"Jun 10, 2020",$0.00,355000,1301,11855000,"Jul 24, 2020, 09:16 AM",buy
42,CMGO,LAKEN GLENN B,CEO,"Jul 14, 2020",$0.01,10000,55,11980000,"Jul 24, 2020, 09:16 AM",buy
43,CMGO,LAKEN GLENN B,CEO,"Jun 26, 2020",$0.00,30000,136,11920000,"Jul 24, 2020, 09:16 AM",buy
44,CMGO,LAKEN GLENN B,CEO,"Jul 17, 2020",$0.01,200000,1080,12263800,"Jul 24, 2020, 09:16 AM",buy
45,CMGO,LAKEN GLENN B,CEO,"Jul 13, 2020",$0.01,10000,57,11970000,"Jul 24, 2020, 09:16 AM",buy
46,CMGO,LAKEN GLENN B,CEO,"Jun 15, 2020",$0.00,10000,45,11890000,"Jul 24, 2020, 09:16 AM",buy
47,CMGO,LAKEN GLENN B,CEO,"Jul 16, 2020",$0.01,72000,387,12063800,"Jul 24, 2020, 09:16 AM",buy
48,CMGO,LAKEN GLENN B,CEO,"Jul 10, 2020",$0.01,20000,116,11960000,"Jul 24, 2020, 09:16 AM",buy
49,CMGO,LAKEN GLENN B,CEO,"Jun 12, 2020",$0.00,20000,84,11875000,"Jul 24, 2020, 09:16 AM",buy
50,CMGO,LAKEN GLENN B,CEO,"Jul 15, 2020",$0.01,11800,65,11991800,"Jul 24, 2020, 09:16 AM",buy
51,NTIC,Calderon Nancy E.,Director,"Jul 23, 2020",$8.60,1000,8600,1000,"Jul 24, 2020, 08:07 AM",buy
52,VOLT,GOODMAN BRUCE G,Director,"Jul 23, 2020",$1.46,5000,7300,122778,"Jul 23, 2020, 07:02 PM",buy
53,LEVI,McCormick Christopher J,Director,"Jul 22, 2020",$11.92,3786,45129,60115,"Jul 23, 2020, 05:58 PM",buy
54,NGM,COLUMN GROUP L P,Director,"Jul 22, 2020",$18.00,193,3474,1540264,"Jul 23, 2020, 05:44 PM",buy
55,NGM,COLUMN GROUP L P,Director,"Jul 22, 2020",$18.00,193,3474,1540264,"Jul 23, 2020, 05:39 PM",buy
56,ONCT,KISNER DANIEL L,Director,"Jul 21, 2020",$2.38,10000,23825,10000,"Jul 23, 2020, 05:00 PM",buy
57,ONCT,AKER HAZEL M,Legal Counsel,"Jul 21, 2020",$2.38,41972,99998,46987,"Jul 23, 2020, 05:00 PM",buy
58,JAMF,STROSAHL JOHN,Chief Operating Officer,"Jul 21, 2020",$26.00,7692,199992,68192,"Jul 23, 2020, 04:59 PM",buy
59,JAMF,PUTMAN JILL,Chief Financial Officer,"Jul 21, 2020",$26.00,11538,299988,75342,"Jul 23, 2020, 04:59 PM",buy
60,JAMF,LENDINO JEFF,General Counsel,"Jul 21, 2020",$26.00,3846,99996,3846,"Jul 23, 2020, 04:58 PM",buy
61,JAMF,KLAUSMEYER KEVIN,Director,"Jul 21, 2020",$26.00,9615,249990,27875,"Jul 23, 2020, 04:58 PM",buy
62,JAMF,JOHNSON SAMUEL GFALL,Chief Customer Officer,"Jul 21, 2020",$26.00,7692,199992,194485,"Jul 23, 2020, 04:58 PM",buy
63,JAMF,HAGER DEAN,"Chief Exec Officer, Director","Jul 21, 2020",$26.00,3846,99996,90728,"Jul 23, 2020, 04:57 PM",buy
64,JAMF,GOODKIND IAN,Chief Accounting Officer,"Jul 21, 2020",$26.00,3846,99996,3846,"Jul 23, 2020, 04:57 PM",buy
65,JAMF,DURAND ANDRE WONG,Director,"Jul 21, 2020",$26.00,13461,349986,84081,"Jul 23, 2020, 04:56 PM",buy
66,JAMF,ATKINS BETSY S,Director,"Jul 21, 2020",$26.00,1923,49998,1923,"Jul 23, 2020, 04:56 PM",buy
67,PAND,ROCHE HOLDING LTD,10% Owner,"Jul 21, 2020",$18.00,36111,649998,3086084,"Jul 23, 2020, 04:50 PM",buy
68,PAND,Mutz Mitchell,Director,"Jul 21, 2020",$18.00,10000,180000,10000,"Jul 23, 2020, 04:49 PM",buy
69,PAND,Mutz Mitchell,Director,"Jul 21, 2020",$18.00,36111,649998,3086084,"Jul 23, 2020, 04:49 PM",buy
70,ONCT,Shanghai Pharmaceutical (USA) Inc.,10% Owner,"Jul 21, 2020",$2.38,1049317,2499998,3544431,"Jul 23, 2020, 04:32 PM",buy
71,RCG,STAHL MURRAY,President and CEO,"Jul 22, 2020",$1.29,200,258,9134,"Jul 23, 2020, 04:09 PM",buy
72,RCG,STAHL MURRAY,President and CEO,"Jul 22, 2020",$1.29,200,258,8934,"Jul 23, 2020, 04:09 PM",buy
73,RCG,STAHL MURRAY,President and CEO,"Jul 22, 2020",$1.29,100,129,8734,"Jul 23, 2020, 04:09 PM",buy
74,RCG,STAHL MURRAY,President and CEO,"Jul 22, 2020",$1.29,50,64,8634,"Jul 23, 2020, 04:09 PM",buy
75,SHRG,DOCUMENT SECURITY SYSTEMS INC,10% Owner,"Jul 21, 2020",$0.08,11000000,880000,32417593,"Jul 23, 2020, 04:08 PM",buy
76,BATRA,"GAMCO INVESTORS, INC. ET AL",10% Owner,"Jul 21, 2020",$19.58,600,11751,2000,"Jul 23, 2020, 04:06 PM",buy
77,VABK,Payne Susan K,Director,"Jul 20, 2020",$25.35,182,4614,16683,"Jul 23, 2020, 03:22 PM",buy
78,TPL,HORIZON KINETICS ASSET MANAGEMENT LLC,10% Owner,"Jul 22, 2020",$573.82,12,6886,282835,"Jul 23, 2020, 12:06 PM",buy
79,SPE,GOLDSTEIN PHILLIP,Chairman and Secretary,"Jul 22, 2020",$11.80,5000,59000,123721,"Jul 23, 2020, 11:51 AM",buy
80,SPE,GOLDSTEIN PHILLIP,Chairman and Secretary,"Jul 21, 2020",$11.85,5000,59250,118721,"Jul 23, 2020, 11:51 AM",buy
81,CNBKA,Filler James J,10% Owner,"Jul 16, 2020",$77.49,600,46494,827105,"Jul 23, 2020, 10:31 AM",buy
82,CNBKA,Filler James J,10% Owner,"Jul 21, 2020",$77.91,413,32178,827824,"Jul 23, 2020, 10:31 AM",buy
83,CNBKA,Filler James J,10% Owner,"Jul 20, 2020",$76.95,106,8157,827411,"Jul 23, 2020, 10:31 AM",buy
84,CNBKA,Filler James J,10% Owner,"Jul 17, 2020",$76.15,200,15231,827305,"Jul 23, 2020, 10:31 AM",buy
85,CNBKA,Filler James J,10% Owner,"Jul 22, 2020",$76.75,100,7675,827924,"Jul 23, 2020, 10:31 AM",buy
86,BTN,"Fundamental Global Investors, LLC",Director,"Jul 21, 2020",$1.66,4126,6852,1959067,"Jul 22, 2020, 09:41 PM",buy
87,BTN,"Fundamental Global Investors, LLC",Director,"Jul 22, 2020",$1.64,455,746,147177,"Jul 22, 2020, 09:41 PM",buy
88,BTN,"Fundamental Global Investors, LLC",Director,"Jul 20, 2020",$1.59,595,948,144501,"Jul 22, 2020, 09:41 PM",buy
89,BTN,"Fundamental Global Investors, LLC",Director,"Jul 22, 2020",$1.64,845,1386,1959912,"Jul 22, 2020, 09:41 PM",buy
90,BTN,"Fundamental Global Investors, LLC",Director,"Jul 20, 2020",$1.59,1105,1760,1954941,"Jul 22, 2020, 09:41 PM",buy
91,BTN,"Fundamental Global Investors, LLC",Director,"Jul 21, 2020",$1.66,2221,3688,146722,"Jul 22, 2020, 09:41 PM",buy
92,BKTI,"Fundamental Global Investors, LLC",Director,"Jul 22, 2020",$3.21,444,1427,1356915,"Jul 22, 2020, 09:40 PM",buy
93,BKTI,"Fundamental Global Investors, LLC",Director,"Jul 21, 2020",$3.30,2233,7371,1356471,"Jul 22, 2020, 09:40 PM",buy
94,BKTI,"Fundamental Global Investors, LLC",Director,"Jul 20, 2020",$3.32,289,961,1354238,"Jul 22, 2020, 09:40 PM",buy
95,BAC,BERKSHIRE HATHAWAY INC,10% Owner,"Jul 21, 2020",$24.23,11116449,269308215,968502964,"Jul 22, 2020, 08:20 PM",buy
96,BAC,BERKSHIRE HATHAWAY INC,10% Owner,"Jul 20, 2020",$23.51,9626515,226324180,957386515,"Jul 22, 2020, 08:20 PM",buy
97,BAC,BERKSHIRE HATHAWAY INC,10% Owner,"Jul 22, 2020",$24.14,13159659,317695219,981662623,"Jul 22, 2020, 08:20 PM",buy
98,SCHW,Ruffel Charles A.,Director,"Jul 22, 2020",$34.91,2854,99633,5409,"Jul 22, 2020, 06:51 PM",buy
99,IVFH,Pappas James C,Director,"Jul 20, 2020",$0.30,7471,2228,102983,"Jul 22, 2020, 06:22 PM",buy
100,IVFH,Pappas James C,Director,"Jul 20, 2020",$0.30,129252,38543,4384180,"Jul 22, 2020, 06:22 PM",buy
1,FREQ,MARCUS JOEL S,Director,"Jul 20, 2020",$18.00,55555,999990,1011730,"Jul 22, 2020, 06:12 PM",buy
2,AUBN,Barrett J Tutt,Director,"Jul 22, 2020",$62.69,24,1505,7153,"Jul 22, 2020, 05:47 PM",buy
3,AUBN,O'DONNELL SHANNON,Senior Vice President,"Jul 22, 2020",$62.39,9,562,1005,"Jul 22, 2020, 05:29 PM",buy
4,UBFO,Woolf Michael T,Director,"Jul 20, 2020",$6.99,1000,6990,230188,"Jul 22, 2020, 05:06 PM",buy
5,FDX,Ellison Marvin R,Director,"Jul 22, 2020",$164.53,2200,361966,4401,"Jul 22, 2020, 04:58 PM",buy
6,NWFL,FORTE ANDREW,Director,"Jul 22, 2020",$29.14,315,9179,3731,"Jul 22, 2020, 04:56 PM",buy
7,AUBN,HAM WILLIAM F JR,Director,"Jul 22, 2020",$63.11,18,1136,3851,"Jul 22, 2020, 04:55 PM",buy
8,RCG,STAHL MURRAY,President and CEO,"Jul 21, 2020",$1.29,200,258,8584,"Jul 22, 2020, 04:47 PM",buy
9,RCG,STAHL MURRAY,President and CEO,"Jul 21, 2020",$1.29,200,258,8384,"Jul 22, 2020, 04:47 PM",buy
10,RCG,STAHL MURRAY,President and CEO,"Jul 21, 2020",$1.29,100,129,8184,"Jul 22, 2020, 04:47 PM",buy
11,RCG,STAHL MURRAY,President and CEO,"Jul 21, 2020",$1.29,50,64,8084,"Jul 22, 2020, 04:47 PM",buy
12,AUBN,HOUSEL DAVID E,Director,"Jul 22, 2020",$62.70,17,1066,5246,"Jul 22, 2020, 04:42 PM",buy
13,PAND,"RA CAPITAL MANAGEMENT, L.P.",10% Owner,"Jul 21, 2020",$18.00,361111,6499998,1770023,"Jul 22, 2020, 04:30 PM",buy
14,AUBN,ANDRUS TERRY W,Director,"Jul 22, 2020",$62.80,22,1382,3586,"Jul 22, 2020, 04:29 PM",buy
15,HCAP,Jolson Joseph A,Chief Executive Officer,"Jul 22, 2020",$4.00,2000,8000,853747,"Jul 22, 2020, 04:26 PM",buy
16,HCAP,Jolson Joseph A,Chief Executive Officer,"Jul 21, 2020",$3.99,3474,13861,851747,"Jul 22, 2020, 04:26 PM",buy
17,HCAP,Jolson Joseph A,Chief Executive Officer,"Jul 20, 2020",$3.99,8909,35547,848273,"Jul 22, 2020, 04:26 PM",buy
18,ALXO,"LSV Associates, LLC",10% Owner,"Jul 21, 2020",$19.00,400000,7600000,378000,"Jul 22, 2020, 04:18 PM",buy
19,PAND,GLAXOSMITHKLINE PLC,Director,"Jul 21, 2020",$18.00,361111,6499998,2248304,"Jul 22, 2020, 04:18 PM",buy
20,MPB,SPARKS DAVID E,Director,"Mar 12, 2020",$17.38,2000,34760,10572,"Jul 22, 2020, 02:35 PM",buy
21,TPL,HORIZON KINETICS ASSET MANAGEMENT LLC,10% Owner,"Jul 21, 2020",$582.00,12,6984,282823,"Jul 22, 2020, 11:21 AM",buy
22,RZLT,"HANDOK, INC.",10% Owner,"Jul 21, 2020",$0.25,250000,63150,93277587,"Jul 22, 2020, 10:25 AM",buy
23,CZNC,Lehman Terry L,Director,"Jul 21, 2020",$19.20,1000,19198,14259,"Jul 22, 2020, 09:18 AM",buy
24,EVF,"Saba Capital Management, L.P.",10% Owner,"Jul 21, 2020",$5.40,99102,535151,6158799,"Jul 22, 2020, 08:54 AM",buy
25,EVF,"Saba Capital Management, L.P.",10% Owner,"Jul 20, 2020",$5.35,50000,267500,6059697,"Jul 22, 2020, 08:54 AM",buy
26,ALXO,Lettmann Jason,Director,"Jul 21, 2020",$19.00,400000,7600000,378000,"Jul 21, 2020, 09:31 PM",buy
27,ALXO,Adelman Robert J,10% Owner,"Jul 21, 2020",$19.00,3000,57000,99406,"Jul 21, 2020, 09:29 PM",buy
28,ALXO,Adelman Robert J,10% Owner,"Jul 21, 2020",$19.00,850000,16150000,5268325,"Jul 21, 2020, 09:29 PM",buy
29,ALXO,"Vivo Capital IX, LLC",10% Owner,"Jul 21, 2020",$19.00,975000,18525000,789474,"Jul 21, 2020, 08:25 PM",buy
30,EMR,APERTURE TECHNOLOGIES INC,Director,"Mar 11, 2008",$50.00,1000000,50000000,1000000,"Jul 21, 2020, 08:17 PM",buy
31,ALXO,Graham G. Walmsley,Director,"Jul 21, 2020",$19.00,975000,18525000,975000,"Jul 21, 2020, 08:04 PM",buy
32,ALXO,Hemrajani Rekha,Director,"Jul 21, 2020",$19.00,3000,57000,3000,"Jul 21, 2020, 08:03 PM",buy
33,ALXO,GOODMAN COREY S,Director,"Jul 21, 2020",$19.00,850000,16150000,850000,"Jul 21, 2020, 08:01 PM",buy
34,ALXO,Pietzke Steffen,VP Fin & Chief Acct Officer,"Jul 21, 2020",$19.00,3000,57000,3000,"Jul 21, 2020, 07:59 PM",buy
35,ALXO,GARCIA PETER S,Chief Financial Officer,"Jul 21, 2020",$19.00,3000,57000,3000,"Jul 21, 2020, 07:57 PM",buy
36,PAND,"Polaris Partners GP VIII, L.L.C.",10% Owner,"Jul 21, 2020",$18.00,36111,649998,3090801,"Jul 21, 2020, 07:51 PM",buy
37,PAND,"Boxer Capital, LLC",10% Owner,"Jul 21, 2020",$18.00,722222,12999996,2107513,"Jul 21, 2020, 07:49 PM",buy
38,PAND,Carroll Jill,Director,"Jul 21, 2020",$18.00,361111,6499998,2248304,"Jul 21, 2020, 07:47 PM",buy
39,PAND,Crane Alan L,Director,"Jul 21, 2020",$18.00,14000,252000,84158,"Jul 21, 2020, 07:44 PM",buy
40,PAND,Crane Alan L,Director,"Jul 21, 2020",$18.00,36111,649998,3090801,"Jul 21, 2020, 07:44 PM",buy
41,PAND,Fuglesang Christopher,Director,"Jul 21, 2020",$18.00,722222,12999996,2600773,"Jul 21, 2020, 07:44 PM",buy
42,PAND,Becker Daniel J.,Director,"Jul 21, 2020",$18.00,722222,12999996,2600773,"Jul 21, 2020, 07:39 PM",buy
43,PAND,Becker Daniel J.,Director,"Jul 21, 2020",$18.00,1000,18000,1000,"Jul 21, 2020, 07:39 PM",buy
44,PAND,Goyal Vikas,See Remarks,"Jul 21, 2020",$18.00,1450,26100,87764,"Jul 21, 2020, 07:39 PM",buy
45,PAND,Kakkar Rahul,Chief Executive Officer,"Jul 21, 2020",$18.00,14000,252000,14000,"Jul 21, 2020, 07:35 PM",buy
46,PAND,Sundy John,Chief Medical Officer,"Jul 21, 2020",$18.00,2000,36000,115826,"Jul 21, 2020, 07:33 PM",buy
47,PAND,Stagliano Nancy,Director,"Jul 21, 2020",$18.00,1000,18000,1000,"Jul 21, 2020, 07:33 PM",buy
48,PAND,Viney Joanne L.,See Remarks,"Jul 21, 2020",$18.00,1200,21600,1200,"Jul 21, 2020, 07:32 PM",buy
49,PAND,Frail Donald,Director,"Jul 21, 2020",$18.00,10000,180000,61113,"Jul 21, 2020, 07:29 PM",buy
50,PAND,Larson Eric D,"Vice President, Finance","Jul 21, 2020",$18.00,600,10800,22125,"Jul 21, 2020, 07:28 PM",buy
51,RLAY,Patel Sanjiv,President and CEO,"Jul 20, 2020",$20.00,25000,500000,403082,"Jul 21, 2020, 07:20 PM",buy
52,RLAY,Murcko Mark,Director,"Jul 20, 2020",$20.00,25000,500000,1021952,"Jul 21, 2020, 07:19 PM",buy
53,RLAY,Rubin Jami,Director,"Jul 20, 2020",$20.00,25000,500000,25000,"Jul 21, 2020, 07:17 PM",buy
54,RLAY,INGRAM DOUGLAS S,Director,"Jul 20, 2020",$20.00,25000,500000,25000,"Jul 21, 2020, 07:15 PM",buy
55,RLAY,Adams Brian,General Counsel,"Jul 20, 2020",$20.00,10000,200000,10000,"Jul 21, 2020, 07:15 PM",buy
56,APEN,McGaughy R Kent Jr,Director,"Jul 17, 2020",$1.25,180000,225000,477120,"Jul 21, 2020, 06:40 PM",buy
57,APEN,McGaughy R Kent Jr,Director,"Jul 17, 2020",$1.25,1200000,1500000,1707208,"Jul 21, 2020, 06:40 PM",buy
58,APEN,McGaughy R Kent Jr,Director,"Jul 17, 2020",$1.25,400000,500000,415244,"Jul 21, 2020, 06:40 PM",buy
59,APEN,CPMG Inc,10% Owner,"Jul 17, 2020",$1.25,180000,225000,477120,"Jul 21, 2020, 06:39 PM",buy
60,APEN,CPMG Inc,10% Owner,"Jul 17, 2020",$1.25,1200000,1500000,1707208,"Jul 21, 2020, 06:39 PM",buy
61,APEN,CPMG Inc,10% Owner,"Jul 17, 2020",$1.25,400000,500000,415244,"Jul 21, 2020, 06:39 PM",buy
62,EBF,CLEMENS BARBARA T,Director,"Jul 21, 2020",$16.82,1600,26912,7969,"Jul 21, 2020, 05:39 PM",buy
63,RSLS,"ARMISTICE CAPITAL, LLC",10% Owner,"Jul 17, 2020",$3.00,4500,13500,5302002,"Jul 21, 2020, 05:27 PM",buy
64,MITI,Diamond Lawrence M.,Chief Executive Officer,"Nov 25, 2019",$0.04,30000,1170,3000000,"Jul 21, 2020, 05:18 PM",buy
65,MITI,Diamond Lawrence M.,Chief Executive Officer,"Oct 25, 2019",$0.03,100000,2600,2670000,"Jul 21, 2020, 05:18 PM",buy
66,MITI,Diamond Lawrence M.,Chief Executive Officer,"Jul 21, 2020",$0.07,100000,7000,3371324,"Jul 21, 2020, 05:18 PM",buy
67,MITI,Diamond Lawrence M.,Chief Executive Officer,"Nov 11, 2019",$0.02,125412,2634,2970000,"Jul 21, 2020, 05:18 PM",buy
68,MITI,Diamond Lawrence M.,Chief Executive Officer,"Sep 30, 2019",$0.03,570000,15504,570000,"Jul 21, 2020, 05:18 PM",buy
69,MITI,Diamond Lawrence M.,Chief Executive Officer,"Feb 26, 2020",$0.04,171324,6853,3271324,"Jul 21, 2020, 05:18 PM",buy
70,MITI,Diamond Lawrence M.,Chief Executive Officer,"Nov 08, 2019",$0.03,74588,1865,2844588,"Jul 21, 2020, 05:18 PM",buy
71,MITI,Diamond Lawrence M.,Chief Executive Officer,"Jan 23, 2020",$0.03,100000,2990,3100000,"Jul 21, 2020, 05:18 PM",buy
72,MITI,Diamond Lawrence M.,Chief Executive Officer,"Oct 31, 2019",$0.02,100000,1900,2770000,"Jul 21, 2020, 05:18 PM",buy
73,MITI,Diamond Lawrence M.,Chief Executive Officer,"Dec 31, 2019",$25.00,2000,50000,2000,"Jul 21, 2020, 05:18 PM",buy
74,RCEL,McIntyre David,Chief Financial Officer,"Jul 17, 2020",$22.70,393,8921,893,"Jul 21, 2020, 04:18 PM",buy
75,RCEL,McIntyre David,Chief Financial Officer,"Jul 16, 2020",$23.85,300,7155,500,"Jul 21, 2020, 04:18 PM",buy
76,PLPC,GIBBONS MICHAEL E,Director,"Jul 21, 2020",$52.99,21,1113,5661,"Jul 21, 2020, 02:57 PM",buy
77,PLPC,Klaus Andrew S,CFO,"Jul 20, 2020",$50.28,15,754,4015,"Jul 21, 2020, 02:45 PM",buy
78,MYHI,Pham Judy,10% Owner,"Apr 23, 2020",$0.01,11750000,94000,11750000,"Jul 21, 2020, 02:16 PM",buy
79,RCG,STAHL MURRAY,President and CEO,"Jul 20, 2020",$1.30,200,260,8034,"Jul 21, 2020, 11:42 AM",buy
80,RCG,STAHL MURRAY,President and CEO,"Jul 20, 2020",$1.30,200,260,7834,"Jul 21, 2020, 11:42 AM",buy
81,RCG,STAHL MURRAY,President and CEO,"Jul 20, 2020",$1.30,100,130,7634,"Jul 21, 2020, 11:42 AM",buy
82,RCG,STAHL MURRAY,President and CEO,"Jul 20, 2020",$1.30,50,65,7534,"Jul 21, 2020, 11:42 AM",buy
83,TPL,HORIZON KINETICS ASSET MANAGEMENT LLC,10% Owner,"Jul 20, 2020",$575.01,172,98902,282811,"Jul 21, 2020, 11:26 AM",buy
84,NTWK,GHAURI NAJEEB,CEO,"Jul 20, 2020",$2.91,17264,50290,771583,"Jul 21, 2020, 10:31 AM",buy
85,RZLT,"HANDOK, INC.",10% Owner,"Jul 17, 2020",$0.21,250000,52175,92777587,"Jul 21, 2020, 10:14 AM",buy
86,RZLT,"HANDOK, INC.",10% Owner,"Jul 20, 2020",$0.26,250000,65650,93027587,"Jul 21, 2020, 10:14 AM",buy
87,YORW,Rasmussen Steven R,Director,"Jul 20, 2020",$47.49,13,617,2325635,"Jul 21, 2020, 09:31 AM",buy
88,KXIN,Shareholder Value Fund,10% Owner,"Jul 06, 2020",$1.00,4213629,4213629,9413200,"Jul 21, 2020, 06:03 AM",buy
89,KXIN,Shareholder Value Fund,10% Owner,"Apr 30, 2019",$1.32,5119571,6775752,5119571,"Jul 21, 2020, 06:03 AM",buy
90,BLI,LUCIER GREGORY T,Director,"Jul 16, 2020",$22.00,22727,499994,22727,"Jul 20, 2020, 09:48 PM",buy
91,VBFC,LEHMAN KENNETH R,10% Owner,"Jul 16, 2020",$28.99,1250,36237,755329,"Jul 20, 2020, 07:23 PM",buy
92,GFN,Kluckman Jeffrey A,Executive Vice President,"Jul 20, 2020",$99.01,100,9901,438,"Jul 20, 2020, 05:45 PM",buy
93,GES,ALBERINI CARLOS,CEO and Director,"Jul 16, 2020",$10.17,100000,1017000,238943,"Jul 20, 2020, 05:35 PM",buy
94,CCEL,Portnoy Mark L.,Co-Chief Executive Officer,"Jul 20, 2020",$8.00,500,4000,38,"Jul 20, 2020, 05:34 PM",buy
95,CCEL,Portnoy Mark L.,Co-Chief Executive Officer,"Jul 16, 2020",$7.96,1381,10996,37766,"Jul 20, 2020, 05:34 PM",buy
96,UGI,Dosch Ted A,Director,"Jan 29, 2020",$42.53,2000,85060,2000,"Jul 20, 2020, 05:04 PM",buy
97,AA,Nevels James E,Director,"Jul 17, 2020",$13.66,200,2732,28572,"Jul 20, 2020, 04:32 PM",buy
98,BTN,"Fundamental Global Investors, LLC",Director,"Jul 16, 2020",$1.55,2720,4208,142681,"Jul 20, 2020, 04:30 PM",buy
99,BTN,"Fundamental Global Investors, LLC",Director,"Jul 16, 2020",$1.55,5050,7813,1951561,"Jul 20, 2020, 04:30 PM",buy
100,BTN,"Fundamental Global Investors, LLC",Director,"Jul 17, 2020",$1.62,1225,1990,143906,"Jul 20, 2020, 04:30 PM",buy
101,BTN,"Fundamental Global Investors, LLC",Director,"Jul 17, 2020",$1.62,2275,3696,1953836,"Jul 20, 2020, 04:30 PM",buy
1,BTN,"Fundamental Global Investors, LLC",Director,"Jul 17, 2020",$1.62,1225,1990,143906,"Jul 20, 2020, 04:30 PM",buy
2,BTN,"Fundamental Global Investors, LLC",Director,"Jul 17, 2020",$1.62,2275,3696,1953836,"Jul 20, 2020, 04:30 PM",buy
3,BTN,"Fundamental Global Investors, LLC",Director,"Jul 16, 2020",$1.55,2720,4208,142681,"Jul 20, 2020, 04:30 PM",buy
4,BTN,"Fundamental Global Investors, LLC",Director,"Jul 16, 2020",$1.55,5050,7813,1951561,"Jul 20, 2020, 04:30 PM",buy
5,BKTI,"Fundamental Global Investors, LLC",Director,"Jul 17, 2020",$3.36,193,649,1353949,"Jul 20, 2020, 04:29 PM",buy
6,BKTI,"Fundamental Global Investors, LLC",Director,"Jul 16, 2020",$3.39,639,2164,1353756,"Jul 20, 2020, 04:29 PM",buy
7,AVCT,MATHY KENT,Director,"Jul 13, 2020",$3.06,60000,183600,60000,"Jul 20, 2020, 04:06 PM",buy
8,OTIVF,Hardardottir Sandra B,Director,"Jul 17, 2020",$0.20,1000000,200000,1506803,"Jul 20, 2020, 03:37 PM",buy
9,OTIVF,Ivy Jerry Lafe JR,10% Owner,"Jul 17, 2020",$0.31,1779902,558755,14777477,"Jul 20, 2020, 03:33 PM",buy
10,OTIVF,Ivy Jerry Lafe JR,10% Owner,"Apr 16, 2020",$0.20,4800000,960000,13997575,"Jul 20, 2020, 03:29 PM",buy
11,OTIVF,Ivy Marlene,10% Owner,"Jul 17, 2020",$0.46,779902,358755,0,"Jul 20, 2020, 03:23 PM",buy
12,MMLP,MARTIN RUBEN S,President and CEO,"Jul 20, 2020",$1.79,5580,9969,448547,"Jul 20, 2020, 01:53 PM",buy
13,MMLP,Shoup Scot A,Senior VP Operations,"Jul 20, 2020",$1.79,2259,4036,17461,"Jul 20, 2020, 01:52 PM",buy
14,MMLP,BONDURANT ROBERT D,Executive VP and CFO,"Jul 20, 2020",$1.79,3644,6510,104364,"Jul 20, 2020, 01:52 PM",buy
15,NTWK,GHAURI NAJEEB,CEO,"Jul 17, 2020",$2.78,11462,31864,754319,"Jul 20, 2020, 12:51 PM",buy
16,TEAF,BIRZER H KEVIN,Director,"Jul 16, 2020",$11.11,100,1111,6603,"Jul 20, 2020, 12:29 PM",buy
17,NDP,BIRZER H KEVIN,Director,"Jul 16, 2020",$11.70,100,1170,993,"Jul 20, 2020, 12:26 PM",buy
18,TTP,BIRZER H KEVIN,Director,"Jul 16, 2020",$14.01,100,1401,2075,"Jul 20, 2020, 12:20 PM",buy
19,TPZ,BIRZER H KEVIN,Director,"Jul 16, 2020",$8.98,100,898,3350,"Jul 20, 2020, 12:08 PM",buy
20,RCG,STAHL MURRAY,President and CEO,"Jul 17, 2020",$1.31,100,131,7084,"Jul 20, 2020, 11:58 AM",buy
21,RCG,STAHL MURRAY,President and CEO,"Jul 17, 2020",$1.31,50,65,6984,"Jul 20, 2020, 11:58 AM",buy
22,RCG,STAHL MURRAY,President and CEO,"Jul 17, 2020",$1.31,200,262,7484,"Jul 20, 2020, 11:58 AM",buy
23,RCG,STAHL MURRAY,President and CEO,"Jul 17, 2020",$1.31,200,262,7284,"Jul 20, 2020, 11:58 AM",buy
24,NTG,BIRZER H KEVIN,Director,"Jul 16, 2020",$16.84,100,1684,1460,"Jul 20, 2020, 11:55 AM",buy
25,TYG,BIRZER H KEVIN,Director,"Jul 16, 2020",$16.37,100,1637,17519,"Jul 20, 2020, 11:51 AM",buy
26,TPL,HORIZON KINETICS ASSET MANAGEMENT LLC,10% Owner,"Jul 17, 2020",$585.71,172,100742,282639,"Jul 20, 2020, 11:33 AM",buy
27,TEAF,BERNEY RAND C,Director,"Jul 17, 2020",$11.11,1000,11110,1000,"Jul 20, 2020, 11:09 AM",buy
28,TPZ,BERNEY RAND C,Director,"Jul 16, 2020",$9.04,884,7991,1992,"Jul 20, 2020, 11:03 AM",buy
29,ELA,Pedersen Bret Allen,CFO,"Jul 17, 2020",$3.91,255,997,49303,"Jul 20, 2020, 08:53 AM",buy
30,DMS,Lea Lyndon,Director,"Jul 15, 2020",$9.36,2000000,18719999,2000000,"Jul 17, 2020, 09:58 PM",buy
31,GDL,GABELLI MARIO J,Director,"Jul 15, 2020",$3.31,1870,6190,2532695,"Jul 17, 2020, 09:27 PM",buy
32,EQS,Hardy John A.,CEO,"Jul 16, 2020",$1.17,3228024,3776788,3728024,"Jul 17, 2020, 06:32 PM",buy
33,HCAP,Jolson Joseph A,Chief Executive Officer,"Jul 17, 2020",$4.00,464,1856,839364,"Jul 17, 2020, 04:41 PM",buy
34,HCAP,Jolson Joseph A,Chief Executive Officer,"Jul 16, 2020",$4.00,1194,4776,838900,"Jul 17, 2020, 04:41 PM",buy
35,PTVCA / B,Edgecliffe-Johnson Jeremy David,Chief Executive Officer,"Aug 26, 2019",$15.61,3125,48781,166967,"Jul 17, 2020, 04:18 PM",buy
36,PSTL,Spodek Andrew,CEO and Director,"Jul 15, 2020",$13.75,3195,43931,33695,"Jul 17, 2020, 04:16 PM",buy
37,PSTL,Spodek Andrew,CEO and Director,"Jul 16, 2020",$13.00,75000,975000,108695,"Jul 17, 2020, 04:16 PM",buy
38,CVLB,Walters Happy David,Director,"Jul 16, 2020",$0.81,1300,1047,426300,"Jul 17, 2020, 04:15 PM",buy
39,BATRA,"GAMCO INVESTORS, INC. ET AL",10% Owner,"Jul 07, 2020",$18.34,200,3668,1400,"Jul 17, 2020, 04:02 PM",buy
40,BATRA,"GAMCO INVESTORS, INC. ET AL",10% Owner,"Jul 15, 2020",$19.50,1000,19505,5000,"Jul 17, 2020, 04:02 PM",buy
41,BATRA,"GAMCO INVESTORS, INC. ET AL",10% Owner,"Apr 09, 2020",$18.08,6494,117379,8500,"Jul 17, 2020, 04:02 PM",buy
42,GABC,SEGER THOMAS W,Director,"Jul 15, 2020",$30.07,665,20000,373126,"Jul 17, 2020, 02:46 PM",buy
43,GABC,Wagler Tyson J,Director,"Jul 15, 2020",$30.07,665,20000,3265,"Jul 17, 2020, 02:40 PM",buy
44,GABC,Snowden Raymond Ward,Director,"Jul 15, 2020",$30.07,665,20000,32364,"Jul 17, 2020, 02:22 PM",buy
45,GABC,SHEIDLER JACK,Director,"Jul 15, 2020",$30.07,665,20000,52073,"Jul 17, 2020, 02:12 PM",buy
46,GABC,Ramsey Chris A,Director,"Jul 15, 2020",$30.07,665,20000,22864,"Jul 17, 2020, 02:08 PM",buy
47,GABC,Ryan Christina M,Director,"Jul 15, 2020",$30.07,665,20000,3769,"Jul 17, 2020, 02:00 PM",buy
48,GABC,KELLY JASON M,Director,"Jul 15, 2020",$30.07,665,20000,3321,"Jul 17, 2020, 01:55 PM",buy
49,GABC,KELLY JASON M,Director,"Jul 15, 2020",$30.07,665,20000,3321,"Jul 17, 2020, 01:54 PM",buy
50,GABC,Fine Marc D,Director,"Jul 15, 2020",$30.07,166,4992,38639,"Jul 17, 2020, 01:49 PM",buy
51,GABC,Bawel Zachary W,Director,"Jul 15, 2020",$30.07,665,20000,7777,"Jul 17, 2020, 01:34 PM",buy
52,MNR,LANDY MICHAEL P,President and CEO,"Jul 15, 2020",$13.49,74,998,444592,"Jul 17, 2020, 01:17 PM",buy
53,HYDI,DYCK MARTIN C,COO,"Jul 16, 2020",$1.90,100,190,2400,"Jul 17, 2020, 01:07 PM",buy
54,HYDI,DYCK MARTIN C,COO,"Jul 17, 2020",$1.90,100,190,2500,"Jul 17, 2020, 01:07 PM",buy
55,PETV,Johnson Scott Mitchell,Director,"Jul 16, 2020",$0.80,5000,4000,544152,"Jul 17, 2020, 01:01 PM",buy
56,MNR,Miller Kevin S.,Chief Financial Officer,"Jul 15, 2020",$13.49,74,998,54865,"Jul 17, 2020, 12:12 PM",buy
57,RCG,STAHL MURRAY,President and CEO,"Jul 16, 2020",$1.30,100,130,6534,"Jul 17, 2020, 12:11 PM",buy
58,RCG,STAHL MURRAY,President and CEO,"Jul 16, 2020",$1.30,50,65,6434,"Jul 17, 2020, 12:11 PM",buy
59,RCG,STAHL MURRAY,President and CEO,"Jul 16, 2020",$1.30,200,261,6934,"Jul 17, 2020, 12:11 PM",buy
60,RCG,STAHL MURRAY,President and CEO,"Jul 16, 2020",$1.30,200,261,6734,"Jul 17, 2020, 12:11 PM",buy
61,PGAS,Traios Christos P,President/CEO,"Jul 15, 2020",$0.15,230000,34960,3571817,"Jul 17, 2020, 11:54 AM",buy
62,HY,RANKIN ALISON A,Member of a Group,"Jul 05, 2019",$53.19,38,2021,45857,"Jul 17, 2020, 11:43 AM",buy
63,TPL,HORIZON KINETICS ASSET MANAGEMENT LLC,10% Owner,"Jul 16, 2020",$582.43,172,100178,282467,"Jul 17, 2020, 11:42 AM",buy
64,YORW,DOTZEL CYNTHIA,Director,"Jul 15, 2020",$44.56,49,2183,15068,"Jul 17, 2020, 11:11 AM",buy
65,YORW,DOTZEL CYNTHIA,Director,"Jul 16, 2020",$47.88,13,622,15081,"Jul 17, 2020, 11:11 AM",buy
66,RZLT,"HANDOK, INC.",10% Owner,"Jul 16, 2020",$0.19,250000,46650,92527587,"Jul 17, 2020, 10:51 AM",buy
67,CNBKA,EVANGELISTA PAUL A,Executive Vice President,"Jul 16, 2020",$79.40,2,159,5964,"Jul 17, 2020, 10:24 AM",buy
68,FRAF,Cekovich Ronald L,SVP,"Jul 15, 2020",$24.50,4,98,7606,"Jul 17, 2020, 08:54 AM",buy
69,FRAF,Carmack Karen K,SVP,"Jul 15, 2020",$24.50,1,25,1427,"Jul 17, 2020, 08:52 AM",buy
70,YORW,Wheeler Mark A,Chief Operating Officer,"Jul 16, 2020",$45.27,99,4482,463,"Jul 17, 2020, 08:35 AM",buy
71,YORW,Wheeler Mark A,Chief Operating Officer,"Jul 15, 2020",$44.56,1,45,364,"Jul 17, 2020, 08:35 AM",buy
72,YORW,Snyder Mark S,VP- Engineering,"Jul 16, 2020",$45.27,17,770,2102,"Jul 17, 2020, 08:26 AM",buy
73,YORW,Snyder Mark S,VP- Engineering,"Jul 15, 2020",$44.56,8,356,2085,"Jul 17, 2020, 08:26 AM",buy
74,YORW,Poff Matthew E,Chief Financial Officer,"Jul 16, 2020",$45.27,3,136,1646,"Jul 17, 2020, 08:18 AM",buy
75,YORW,Poff Matthew E,Chief Financial Officer,"Jul 15, 2020",$44.56,7,312,1643,"Jul 17, 2020, 08:18 AM",buy
76,YORW,Hand Joseph Thomas,President & CEO,"Jul 16, 2020",$45.27,172,7787,15799,"Jul 17, 2020, 08:07 AM",buy
77,YORW,Hand Joseph Thomas,President & CEO,"Jul 15, 2020",$44.56,63,2807,15627,"Jul 17, 2020, 08:07 AM",buy
78,NKTX,GLAXOSMITHKLINE PLC,Director,"Jul 14, 2020",$18.00,833333,14999994,3150732,"Jul 16, 2020, 08:13 PM",buy
79,GRWC,Kennedy Terry Joe,CEO and President,"Jun 24, 2020",$0.05,2135275,106764,1200000,"Jul 16, 2020, 07:35 PM",buy
80,UMH,Mitchell William Edward,Director,"Jul 15, 2020",$11.88,421,4999,4011,"Jul 16, 2020, 06:22 PM",buy
81,FUNC,Rodeheaver Carissa Lynn,"Chairman, President & CEO","Jul 15, 2020",$11.96,334,3994,23960,"Jul 16, 2020, 06:03 PM",buy
82,NCNO,Orenstein Gregory,Chief Corp Dev & Legal Officer,"Jul 16, 2020",$31.00,1000,31000,1000,"Jul 16, 2020, 06:03 PM",buy
83,NCNO,Glover Joshua L,Chief Revenue Officer,"Jul 16, 2020",$31.00,250,7750,70037,"Jul 16, 2020, 06:02 PM",buy
84,NCNO,Sellers Jeanette,VP of Accounting,"Jul 16, 2020",$31.00,850,26350,850,"Jul 16, 2020, 06:01 PM",buy
85,NCNO,Collins Steven A,Director,"Jul 16, 2020",$31.00,32250,999750,32250,"Jul 16, 2020, 06:00 PM",buy
86,BCLI,Abbhi Sankesh,Director,"Jul 15, 2020",$12.99,46779,607659,2164530,"Jul 16, 2020, 05:15 PM",buy
87,BCLI,Setboun David,EVP and COO,"Jul 16, 2020",$12.95,5000,64740,55000,"Jul 16, 2020, 05:10 PM",buy
88,SPE,GOLDSTEIN PHILLIP,Chairman and Secretary,"Jul 15, 2020",$11.74,1431,16800,3862,"Jul 16, 2020, 05:00 PM",buy
89,SPE,GOLDSTEIN PHILLIP,Chairman and Secretary,"Jul 15, 2020",$11.74,11405,133895,113721,"Jul 16, 2020, 05:00 PM",buy
90,NKTK,"New Enterprise Associates 15, L.P.",10% Owner,"Jul 14, 2020",$18.00,666666,11999988,2902115,"Jul 16, 2020, 05:00 PM",buy
91,NKTK,SANDELL SCOTT D,10% Owner,"Jul 14, 2020",$18.00,666666,11999988,2902115,"Jul 16, 2020, 05:00 PM",buy
92,NKTK,Sonsini Peter W.,10% Owner,"Jul 14, 2020",$18.00,666666,11999988,2902115,"Jul 16, 2020, 05:00 PM",buy
93,NKTK,Makhzoumi Mohamad,10% Owner,"Jul 14, 2020",$18.00,666666,11999988,2902115,"Jul 16, 2020, 05:00 PM",buy
94,NKTK,MAKOWER JOSHUA,10% Owner,"Jul 14, 2020",$18.00,666666,11999988,2902115,"Jul 16, 2020, 05:00 PM",buy
95,NKTK,BASKETT FOREST,10% Owner,"Jul 14, 2020",$18.00,666666,11999988,2902115,"Jul 16, 2020, 05:00 PM",buy
96,NKTK,Florence Anthony A. Jr.,10% Owner,"Jul 14, 2020",$18.00,666666,11999988,2902115,"Jul 16, 2020, 05:00 PM",buy
97,NKTX,Novo Holdings A/S,10% Owner,"Jul 14, 2020",$18.00,555555,9999990,2793865,"Jul 16, 2020, 04:41 PM",buy
98,HONE,CASEY JOSEPH F,President and COO,"May 05, 2020",$7.65,1516,11596,252919,"Jul 16, 2020, 04:35 PM",buy
99,NKTX,"RA CAPITAL MANAGEMENT, L.P.",10% Owner,"Jul 14, 2020",$18.00,3333333,59999994,5605129,"Jul 16, 2020, 04:30 PM",buy
100,PRSP,Curtis John M,"Director, CEO","Jul 15, 2020",$21.97,18354,403237,242109,"Jul 16, 2020, 04:13 PM",buy
101,LGL,GABELLI MARIO J,10% Owner,"Jul 15, 2020",$8.51,1539,13104,500675,"Jul 16, 2020, 04:03 PM",buy
102,YORW,Colon Natalee,VP- Human Resources,"Jul 16, 2020",$45.27,11,498,670,"Jul 16, 2020, 03:22 PM",buy
103,YORW,Colon Natalee,VP- Human Resources,"Jul 15, 2020",$44.56,3,134,658,"Jul 16, 2020, 03:22 PM",buy
1,YORW,BRACEY VERNON L,VP- Customer Service,"Jul 15, 2020",$44.56,3,134,827,"Jul 16, 2020, 03:15 PM",buy
2,YORW,BRACEY VERNON L,VP- Customer Service,"Jul 16, 2020",$45.27,11,498,838,"Jul 16, 2020, 03:15 PM",buy
3,ARLO,Summers Grady,Director,"Jul 15, 2020",$2.95,483,1425,129703,"Jul 16, 2020, 02:54 PM",buy
4,HOFV,Buzzelli Anthony J.,Director,"Jul 14, 2020",$5.67,680,3856,22000,"Jul 16, 2020, 02:53 PM",buy
5,NRIM,CASH LARRY S,Director,"Apr 30, 2020",$23.30,834,19434,3360,"Jul 16, 2020, 02:40 PM",buy
6,QCRH,Ziegler Marie Z.,Director,"Jul 16, 2020",$28.54,230,6565,26600,"Jul 16, 2020, 01:40 PM",buy
7,RCG,STAHL MURRAY,President and CEO,"Jul 15, 2020",$1.28,100,128,5984,"Jul 16, 2020, 12:57 PM",buy
8,RCG,STAHL MURRAY,President and CEO,"Jul 15, 2020",$1.28,50,64,5884,"Jul 16, 2020, 12:57 PM",buy
9,RCG,STAHL MURRAY,President and CEO,"Jul 15, 2020",$1.28,200,257,6384,"Jul 16, 2020, 12:57 PM",buy
10,RCG,STAHL MURRAY,President and CEO,"Jul 15, 2020",$1.28,200,257,6184,"Jul 16, 2020, 12:57 PM",buy
11,RCG,STAHL MURRAY,President and CEO,"Jul 10, 2020",$1.28,100,128,5284,"Jul 16, 2020, 12:31 PM",buy
12,RCG,STAHL MURRAY,President and CEO,"Jul 10, 2020",$1.28,100,128,5184,"Jul 16, 2020, 12:31 PM",buy
13,RCG,STAHL MURRAY,President and CEO,"Jul 10, 2020",$1.28,25,32,5084,"Jul 16, 2020, 12:31 PM",buy
14,RCG,STAHL MURRAY,President and CEO,"Jul 10, 2020",$1.28,100,128,5384,"Jul 16, 2020, 12:31 PM",buy
15,KFS,Fitzgerald John Taylor Maloney,President and CEO,"Jul 15, 2020",$2.44,854,2083,987873,"Jul 16, 2020, 11:46 AM",buy
16,PETV,Martin James Rudolph,Director,"Jul 13, 2020",$0.90,3000,2700,166535,"Jul 16, 2020, 11:31 AM",buy
17,RZLT,"HANDOK, INC.",10% Owner,"Jul 15, 2020",$0.16,250000,39350,92277587,"Jul 16, 2020, 11:31 AM",buy
18,LCRDX,Christina & Robert Dow Foundation,10% Owner,"Jul 14, 2020",$8.94,2460850,21999998,5548456,"Jul 16, 2020, 11:29 AM",buy
19,TPL,HORIZON KINETICS ASSET MANAGEMENT LLC,10% Owner,"Jul 15, 2020",$596.73,172,102638,282295,"Jul 16, 2020, 11:18 AM",buy
20,YORW,Hardman Mark J,VP- Technology,"Jul 15, 2020",$44.56,2,89,407,"Jul 16, 2020, 08:31 AM",buy
21,YORW,Waters Ernest J,Director,"Jul 15, 2020",$44.56,4,178,2181,"Jul 16, 2020, 08:19 AM",buy
22,YORW,HINES JEFFREY R,Director,"Jul 15, 2020",$44.56,230,10248,57019,"Jul 16, 2020, 08:10 AM",buy
23,YORW,HINES JEFFREY R,Director,"Jul 15, 2020",$44.56,52,2317,12952,"Jul 16, 2020, 08:10 AM",buy
24,BKTI,"Fundamental Global Investors, LLC",Director,"Jul 15, 2020",$3.34,781,2612,1353117,"Jul 15, 2020, 08:48 PM",buy
25,BKTI,"Fundamental Global Investors, LLC",Director,"Jul 14, 2020",$3.26,1505,4904,1352336,"Jul 15, 2020, 08:48 PM",buy
26,BTN,"Fundamental Global Investors, LLC",Director,"Jul 14, 2020",$1.40,700,982,138456,"Jul 15, 2020, 08:47 PM",buy
27,BTN,"Fundamental Global Investors, LLC",Director,"Jul 14, 2020",$1.40,1300,1825,1943716,"Jul 15, 2020, 08:47 PM",buy
28,BTN,"Fundamental Global Investors, LLC",Director,"Jul 15, 2020",$1.43,1505,2156,139961,"Jul 15, 2020, 08:47 PM",buy
29,BTN,"Fundamental Global Investors, LLC",Director,"Jul 13, 2020",$1.40,2118,2971,137756,"Jul 15, 2020, 08:47 PM",buy
30,BTN,"Fundamental Global Investors, LLC",Director,"Jul 15, 2020",$1.43,2795,4004,1946511,"Jul 15, 2020, 08:47 PM",buy
31,BTN,"Fundamental Global Investors, LLC",Director,"Jul 13, 2020",$1.40,3932,5515,1942416,"Jul 15, 2020, 08:47 PM",buy
32,DSNY,Graber Mark A,10% Owner,"Jul 14, 2020",$0.62,6100,3782,1268127,"Jul 15, 2020, 07:11 PM",buy
33,DSNY,Graber Mark A,10% Owner,"Jul 15, 2020",$0.63,11949,7528,1280076,"Jul 15, 2020, 07:11 PM",buy
34,CHMA,KANNAN RAJ,Chief Executive Officer,"Jul 14, 2020",$4.20,10000,42000,17095,"Jul 15, 2020, 06:57 PM",buy
35,RFI,Junkans Dean,Director,"Jul 15, 2020",$12.24,1000,12240,5000,"Jul 15, 2020, 06:34 PM",buy
36,AZZ,Lavelle Ken,President & GM - Electrical,"Jul 15, 2020",$30.83,5500,169565,10290,"Jul 15, 2020, 06:23 PM",buy
37,IDRA,Pillar Invest Corp,10% Owner,"Jul 13, 2020",$1.72,749993,1289988,5427697,"Jul 15, 2020, 06:16 PM",buy
38,XELB,DiSanto Mark,Director,"Jul 14, 2020",$0.78,5000,3900,980496,"Jul 15, 2020, 06:14 PM",buy
39,XELB,DiSanto Mark,Director,"Jul 13, 2020",$0.78,5249,4094,975496,"Jul 15, 2020, 06:14 PM",buy
40,CNBKA,Filler James J,10% Owner,"Jul 15, 2020",$78.53,583,45780,826505,"Jul 15, 2020, 05:50 PM",buy
41,CNBKA,Filler James J,10% Owner,"Jul 09, 2020",$69.86,1293,90329,824709,"Jul 15, 2020, 05:50 PM",buy
42,CNBKA,Filler James J,10% Owner,"Jul 14, 2020",$72.50,4,290,825922,"Jul 15, 2020, 05:50 PM",buy
43,CNBKA,Filler James J,10% Owner,"Jul 13, 2020",$72.57,1009,73223,825918,"Jul 15, 2020, 05:50 PM",buy
44,CNBKA,Filler James J,10% Owner,"Jul 10, 2020",$72.25,200,14450,824909,"Jul 15, 2020, 05:50 PM",buy
45,CCEL,Portnoy Mark L.,Co-Chief Executive Officer,"Jul 13, 2020",$7.51,200,1502,36,"Jul 15, 2020, 05:34 PM",buy
46,VOLT,GOODMAN BRUCE G,Director,"Jul 14, 2020",$1.24,5000,6200,117778,"Jul 15, 2020, 05:16 PM",buy
47,TSE,M&G INVESTMENT MANAGEMENT LTD,10% Owner,"Jul 13, 2020",$21.81,310510,6772223,7804044,"Jul 15, 2020, 05:11 PM",buy
48,PSTX,Murphy Sean,Director,"Jul 14, 2020",$16.00,10000,160000,10000,"Jul 15, 2020, 05:00 PM",buy
49,PSTX,Hirsch David,Director,"Jul 14, 2020",$16.00,250000,4000000,2714245,"Jul 15, 2020, 05:00 PM",buy
50,PSTX,Lloyd Marcea Bland,Director,"Jul 14, 2020",$16.00,10000,160000,10000,"Jul 15, 2020, 05:00 PM",buy
51,IMBI,Friedman Michael,Director,"Apr 17, 2020",$2.06,653348,1347988,912949,"Jul 15, 2020, 04:57 PM",buy
52,NMGX,BERMAN RONALD J,Director,"Oct 22, 2019",$0.55,1000,550,667666,"Jul 15, 2020, 04:56 PM",buy
53,NMGX,BERMAN RONALD J,Director,"Dec 12, 2019",$0.60,1000,600,673417,"Jul 15, 2020, 04:56 PM",buy
54,NMGX,BERMAN RONALD J,Director,"Feb 28, 2018",$1.10,100,110,666260,"Jul 15, 2020, 04:56 PM",buy
55,NMGX,BERMAN RONALD J,Director,"Nov 15, 2019",$0.60,1,1,668767,"Jul 15, 2020, 04:56 PM",buy
56,NMGX,BERMAN RONALD J,Director,"Jan 06, 2020",$0.65,1000,650,676617,"Jul 15, 2020, 04:56 PM",buy
57,NMGX,BERMAN RONALD J,Director,"Jul 19, 2018",$0.80,200,160,666666,"Jul 15, 2020, 04:56 PM",buy
58,NMGX,BERMAN RONALD J,Director,"Dec 10, 2019",$0.64,2500,1600,672417,"Jul 15, 2020, 04:56 PM",buy
59,NMGX,BERMAN RONALD J,Director,"Apr 08, 2020",$1.20,1100,1320,678817,"Jul 15, 2020, 04:56 PM",buy
60,NMGX,BERMAN RONALD J,Director,"Feb 22, 2018",$1.28,200,256,666160,"Jul 15, 2020, 04:56 PM",buy
61,NMGX,BERMAN RONALD J,Director,"Nov 07, 2019",$0.58,100,58,668766,"Jul 15, 2020, 04:56 PM",buy
62,NMGX,BERMAN RONALD J,Director,"Jan 02, 2020",$0.55,1000,550,675617,"Jul 15, 2020, 04:56 PM",buy
63,NMGX,BERMAN RONALD J,Director,"May 31, 2018",$0.81,6,5,666466,"Jul 15, 2020, 04:56 PM",buy
64,NMGX,BERMAN RONALD J,Director,"Dec 03, 2019",$0.70,1100,770,669917,"Jul 15, 2020, 04:56 PM",buy
65,NMGX,BERMAN RONALD J,Director,"Mar 03, 2020",$1.70,100,170,677717,"Jul 15, 2020, 04:56 PM",buy
66,NMGX,BERMAN RONALD J,Director,"Nov 06, 2019",$0.57,1000,570,668666,"Jul 15, 2020, 04:56 PM",buy
67,NMGX,BERMAN RONALD J,Director,"Dec 27, 2019",$0.65,1200,780,674617,"Jul 15, 2020, 04:56 PM",buy
68,NMGX,BERMAN RONALD J,Director,"Apr 06, 2018",$1.20,200,240,666460,"Jul 15, 2020, 04:56 PM",buy
69,NMGX,BERMAN RONALD J,Director,"Nov 22, 2019",$0.58,50,29,668817,"Jul 15, 2020, 04:56 PM",buy
70,NMGX,BERMAN RONALD J,Director,"Jan 22, 2020",$0.65,1000,650,677617,"Jul 15, 2020, 04:56 PM",buy
71,IMBI,Lalo Eyal,Director,"Apr 17, 2020",$2.04,693370,1416208,1093370,"Jul 15, 2020, 04:56 PM",buy
72,AZZ,FERGUSON THOMAS E,President and CEO,"Jul 14, 2020",$28.94,10000,289376,109794,"Jul 15, 2020, 04:53 PM",buy
73,YORW,NEWCOMER ROBERT P,Director,"Jul 15, 2020",$44.56,24,1069,5925,"Jul 15, 2020, 04:52 PM",buy
74,YORW,GANG MICHAEL W,Director,"Jul 15, 2020",$44.56,45,2005,12084,"Jul 15, 2020, 04:52 PM",buy
75,YORW,Keller Jody L,Director,"Jul 15, 2020",$44.56,10,446,2497,"Jul 15, 2020, 04:52 PM",buy
76,YORW,Cawley James H,Director,"Jul 15, 2020",$44.59,1,45,562,"Jul 15, 2020, 04:51 PM",buy
77,JEF,FRIEDMAN BRIAN P,President,"Jul 13, 2020",$16.27,5000,81350,9052053,"Jul 15, 2020, 04:51 PM",buy
78,SREV,"Edenbrook Capital, LLC",10% Owner,"Jul 15, 2020",$1.47,3500,5141,10874910,"Jul 15, 2020, 04:51 PM",buy
79,SREV,"Edenbrook Capital, LLC",10% Owner,"Jul 14, 2020",$1.45,53074,77079,10871410,"Jul 15, 2020, 04:51 PM",buy
80,YORW,McGlaughlin Erin C,Director,"Jul 15, 2020",$44.56,5,223,1258,"Jul 15, 2020, 04:51 PM",buy
81,YORW,Rasmussen Steven R,Director,"Jul 15, 2020",$44.56,9,401,2313,"Jul 15, 2020, 04:50 PM",buy
82,PRSP,Nolan Philip O,Director,"Jul 13, 2020",$21.97,4585,100732,54557,"Jul 15, 2020, 04:43 PM",buy
83,WRK,Nevels James E,Director,"Jul 14, 2020",$28.15,100,2815,1000,"Jul 15, 2020, 01:59 PM",buy
84,RZLT,"HANDOK, INC.",10% Owner,"Jul 14, 2020",$0.16,84000,13205,92027587,"Jul 15, 2020, 11:54 AM",buy
85,RCG,STAHL MURRAY,President and CEO,"Jul 14, 2020",$1.27,25,32,5634,"Jul 15, 2020, 11:35 AM",buy
86,RCG,STAHL MURRAY,President and CEO,"Jul 14, 2020",$1.26,100,126,5834,"Jul 15, 2020, 11:35 AM",buy
87,RCG,STAHL MURRAY,President and CEO,"Jul 14, 2020",$1.26,100,126,5734,"Jul 15, 2020, 11:35 AM",buy
88,TPL,HORIZON KINETICS ASSET MANAGEMENT LLC,10% Owner,"Jul 14, 2020",$585.18,172,100651,282123,"Jul 15, 2020, 11:14 AM",buy
89,BNED,LEVENICK ZACHARY,See Explanation of Responses,"Jul 14, 2020",$1.85,25000,46323,127000,"Jul 15, 2020, 09:00 AM",buy
90,RZLT,"HANDOK, INC.",10% Owner,"Jul 07, 2020",$0.11,45100,4745,91646033,"Jul 14, 2020, 09:56 PM",buy
91,RZLT,"HANDOK, INC.",10% Owner,"Jul 10, 2020",$0.13,18550,2411,91843587,"Jul 14, 2020, 09:56 PM",buy
92,RZLT,"HANDOK, INC.",10% Owner,"Jul 06, 2020",$0.10,300000,30360,91600933,"Jul 14, 2020, 09:56 PM",buy
93,RZLT,"HANDOK, INC.",10% Owner,"Jul 09, 2020",$0.13,133804,17341,91825037,"Jul 14, 2020, 09:56 PM",buy
94,RZLT,"HANDOK, INC.",10% Owner,"Jul 08, 2020",$0.12,45200,5460,91691233,"Jul 14, 2020, 09:56 PM",buy
95,RZLT,"HANDOK, INC.",10% Owner,"Jul 13, 2020",$0.15,100000,15290,91943587,"Jul 14, 2020, 09:56 PM",buy
96,HROW,Opaleye Management Inc.,10% Owner,"Jul 11, 2020",$4.96,46800,231922,2808100,"Jul 14, 2020, 09:45 PM",buy
97,HROW,Opaleye Management Inc.,10% Owner,"Jul 10, 2020",$4.98,45000,223965,2761300,"Jul 14, 2020, 09:45 PM",buy
98,HROW,Opaleye Management Inc.,10% Owner,"Jul 12, 2020",$4.98,1900,9462,131900,"Jul 14, 2020, 09:45 PM",buy
99,HROW,Opaleye Management Inc.,10% Owner,"Jul 12, 2020",$4.99,19000,94783,2827100,"Jul 14, 2020, 09:45 PM",buy
100,ETNB,"Longitude Capital Partners III, LLC",10% Owner,"Jul 10, 2020",$27.50,109090,2999975,2600877,"Jul 14, 2020, 08:11 PM",buy
1,STX,Teh Ban Seng,"SVP, Sales","Jul 23, 2020",$50.00,498,24900,10829,"Jul 24, 2020, 08:33 PM",sell
2,PATK,Cleveland Todd M,Executive Board Chairman,"Jul 22, 2020",$66.73,10000,667336,295500,"Jul 24, 2020, 08:25 PM",sell
3,PATK,Rodino Jeff,EVP Sales & CSO,"Jul 23, 2020",$67.50,2414,162945,109902,"Jul 24, 2020, 08:24 PM",sell
4,HOFV,Klein Michael Stuart,Director,"Jul 22, 2020",$12.18,90287,1099696,419382,"Jul 24, 2020, 08:22 PM",sell
5,BLK,Kushel J. Richard,Senior Managing Director,"Jul 24, 2020",$574.39,2182,1253328,53591,"Jul 24, 2020, 08:11 PM",sell
6,BLK,Kushel J. Richard,Senior Managing Director,"Jul 24, 2020",$575.30,2000,1150593,58265,"Jul 24, 2020, 08:11 PM",sell
7,CCXI,Vifor (International) Ltd,10% Owner,"Jul 22, 2020",$55.58,72469,4027868,9578280,"Jul 24, 2020, 07:53 PM",sell
8,CCXI,Vifor (International) Ltd,10% Owner,"Jul 24, 2020",$52.54,26050,1368737,9504595,"Jul 24, 2020, 07:53 PM",sell
9,CCXI,Vifor (International) Ltd,10% Owner,"Jul 23, 2020",$54.15,34555,1871297,9532691,"Jul 24, 2020, 07:53 PM",sell
10,RUN,Jurich Lynn Michelle,Chief Executive Officer,"Jul 22, 2020",$40.20,100000,4019760,3035640,"Jul 24, 2020, 07:10 PM",sell
11,ARES,deVeer R. Kipp,Head of Credit Group,"Jul 24, 2020",$38.87,94038,3655671,946579,"Jul 24, 2020, 07:04 PM",sell
12,ARES,deVeer R. Kipp,Head of Credit Group,"Jul 23, 2020",$41.09,8346,342937,1033704,"Jul 24, 2020, 07:04 PM",sell
13,MACK,CROCKER GARY L,See Remarks,"Jul 22, 2020",$3.09,75546,233562,0,"Jul 24, 2020, 07:03 PM",sell
14,MACK,CROCKER GARY L,See Remarks,"Jul 22, 2020",$3.08,117963,362903,0,"Jul 24, 2020, 07:03 PM",sell
15,SMAR,Barker Geoffrey T,Director,"Jul 23, 2020",$47.43,15000,711479,669561,"Jul 24, 2020, 07:02 PM",sell
16,SMAR,Barker Geoffrey T,Director,"Jul 22, 2020",$48.03,15000,720522,681099,"Jul 24, 2020, 07:02 PM",sell
17,RPAY,Alias Shaler,President,"Jul 23, 2020",$23.10,256042,5914570,0,"Jul 24, 2020, 07:00 PM",sell
18,RPAY,Alias Shaler,President,"Jul 22, 2020",$23.70,27778,658339,0,"Jul 24, 2020, 07:00 PM",sell
19,TRU,MAULDIN RICHARD DANE,EVP - Operations,"Jul 22, 2020",$90.00,1500,135000,19476,"Jul 24, 2020, 06:55 PM",sell
20,FDP,ABU-GHAZALEH MOHAMMAD,Chairman and CEO,"Jul 23, 2020",$24.02,1000,24022,7149565,"Jul 24, 2020, 06:15 PM",sell
21,NTRA,Brophy Michael Burkes,Chief Financial Officer,"Jul 22, 2020",$49.03,1626,79723,44145,"Jul 24, 2020, 06:10 PM",sell
22,CAG,Batcheler Colleen,EVP Gen Counsel & Corp Secty,"Jul 22, 2020",$36.29,6629,240566,169873,"Jul 24, 2020, 06:00 PM",sell
23,DEA,Trimble William C.,President & CEO,"Jul 22, 2020",$23.52,15000,352800,94014,"Jul 24, 2020, 05:34 PM",sell
24,MCC,Fortress Investment Group LLC,10% Owner,"Jul 23, 2020",$0.71,25900,18389,6012830,"Jul 24, 2020, 05:30 PM",sell
25,MCC,Fortress Investment Group LLC,10% Owner,"Jul 22, 2020",$0.69,47400,32706,6038730,"Jul 24, 2020, 05:30 PM",sell
26,CRVL,CLEMONS V GORDON,Chairman of the Board,"Jul 23, 2020",$77.97,1500,116951,1652646,"Jul 24, 2020, 05:30 PM",sell
27,CRVL,CLEMONS V GORDON,Chairman of the Board,"Jul 22, 2020",$77.99,1500,116990,1654146,"Jul 24, 2020, 05:30 PM",sell
28,CRVL,CLEMONS V GORDON,Chairman of the Board,"Jul 24, 2020",$76.75,1500,115123,1651146,"Jul 24, 2020, 05:30 PM",sell
29,CACC,FOSS DONALD A,10% Owner,"Jul 22, 2020",$451.45,6175,2787719,1753229,"Jul 24, 2020, 05:19 PM",sell
30,CHWY,Marte Mario Jesus,Chief Financial Officer,"Jul 22, 2020",$48.62,32037,1557533,161148,"Jul 24, 2020, 05:16 PM",sell
31,DDOG,OBSTLER DAVID M,Chief Financial Officer,"Jul 20, 2020",$91.65,205000,18787647,515994,"Jul 24, 2020, 05:14 PM",sell
32,CHWY,Bowman Stacy,Principal Accounting Officer,"Jul 22, 2020",$48.90,5600,273840,148320,"Jul 24, 2020, 05:12 PM",sell
33,KNX,Harrington Timothy Sean,Exec Vice Pres Sales,"Jul 23, 2020",$45.13,2690,121400,1199,"Jul 24, 2020, 05:10 PM",sell
34,PSMT,HILDEBRANDT JOHN D,EVP-Operations,"Jul 22, 2020",$66.20,1347,89166,14352,"Jul 24, 2020, 05:09 PM",sell
35,IQV,BOUSBIB ARI,See Remarks,"Jul 22, 2020",$160.00,46080,7372800,652035,"Jul 24, 2020, 05:09 PM",sell
36,HOOK,SOFINNOVA CAPITAL VI FCPR,10% Owner,"Jun 29, 2020",$11.78,3280,38628,3960574,"Jul 24, 2020, 05:07 PM",sell
37,KNX,KNIGHT GARY J,Vice Chairman,"Jul 23, 2020",$45.91,50000,2295555,2808976,"Jul 24, 2020, 05:07 PM",sell
38,Z AND ZG,Wacksman Jeremy,"President, Zillow","Jul 23, 2020",$69.08,87400,6037303,30765,"Jul 24, 2020, 05:06 PM",sell
39,AKTS,McMahon Jeffrey,Director,"Jul 22, 2020",$8.04,20000,160800,514338,"Jul 24, 2020, 05:05 PM",sell
40,KNX,KNIGHT KEVIN P,Executive Chairman,"Jul 22, 2020",$47.00,50000,2350000,2037215,"Jul 24, 2020, 05:02 PM",sell
41,KNX,KNIGHT KEVIN P,Executive Chairman,"Jul 23, 2020",$46.06,100000,4605670,1937215,"Jul 24, 2020, 05:02 PM",sell
42,RMNI,Winslow Daniel B.,"EVP, CLO & Corp. Sec.","Jul 24, 2020",$5.27,5000,26336,21197,"Jul 24, 2020, 05:01 PM",sell
43,RMNI,Winslow Daniel B.,"EVP, CLO & Corp. Sec.","Jul 22, 2020",$5.23,5000,26126,26197,"Jul 24, 2020, 05:01 PM",sell
44,GFN,Wilson Christopher A,"General Counsel, VP, Secretary","Jul 24, 2020",$5.97,28500,170034,138352,"Jul 24, 2020, 05:00 PM",sell
45,CSX,ZILLMER JOHN J,Director,"Jul 24, 2020",$72.13,20500,1478665,152539,"Jul 24, 2020, 05:00 PM",sell
46,WORK,Henderson Cal,Chief Technology Officer,"Jul 23, 2020",$30.93,1500,46402,140235,"Jul 24, 2020, 04:58 PM",sell
47,WORK,Henderson Cal,Chief Technology Officer,"Jul 22, 2020",$31.58,1500,47369,141689,"Jul 24, 2020, 04:58 PM",sell
48,PGNY,Payson Norman,Director,"Jul 22, 2020",$25.69,16500,423885,728000,"Jul 24, 2020, 04:54 PM",sell
49,PGNY,Payson Norman,Director,"Jul 23, 2020",$26.56,16500,438320,726231,"Jul 24, 2020, 04:54 PM",sell
50,ICE,Sprecher Jeffrey C,Chief Executive Officer,"Jul 22, 2020",$95.54,100000,9553824,3335173,"Jul 24, 2020, 04:53 PM",sell
51,MA,BANGA AJAY,Chief Executive Officer,"Jul 23, 2020",$315.89,61067,19290279,347054,"Jul 24, 2020, 04:52 PM",sell
52,ICE,Forneri Jean Marc,Director,"Jul 22, 2020",$96.01,3000,288027,18811,"Jul 24, 2020, 04:52 PM",sell
53,MRNA,Bancel Stephane,Chief Executive Officer,"Jul 23, 2020",$82.22,10000,822200,7834880,"Jul 24, 2020, 04:43 PM",sell
54,MRNA,Bancel Stephane,Chief Executive Officer,"Jul 22, 2020",$79.61,9000,716490,6694858,"Jul 24, 2020, 04:43 PM",sell
55,QURE,Kapusta Matthew C,"CEO, CFO, Managing Director","Jul 22, 2020",$42.31,5626,238025,298525,"Jul 24, 2020, 04:41 PM",sell
56,BBY,Alexander Whitney L,Chief Strategy Officer,"Jul 23, 2020",$98.42,9000,885745,40431,"Jul 24, 2020, 04:41 PM",sell
57,SFBS,FOSHEE WILLIAM M,"CFO, EVP","Jul 23, 2020",$37.49,6700,251183,319130,"Jul 24, 2020, 04:38 PM",sell
58,ONTO,ROTH STEVEN R,Senior Vice President & CFO,"Jul 23, 2020",$37.00,10000,370000,56984,"Jul 24, 2020, 04:36 PM",sell
59,PGNY,"TPG Group Holdings (SBS) Advisors, Inc.",10% Owner,"Jul 22, 2020",$25.72,22380,575607,18860118,"Jul 24, 2020, 04:35 PM",sell
60,WTRG,FOX RICHARD SCOTT,Chief Operating Officer,"Jul 22, 2020",$45.00,1000,45000,26734,"Jul 24, 2020, 04:33 PM",sell
61,QTWO,Seale R. H.,Director,"Jul 23, 2020",$95.00,150,14250,3805,"Jul 24, 2020, 04:31 PM",sell
62,QTWO,Seale R. H.,Director,"Jul 23, 2020",$95.00,149,14155,3804,"Jul 24, 2020, 04:31 PM",sell
63,PODD,Benjamin Eric,"SVP, Innovation and Strategy","Jul 23, 2020",$210.00,14912,3131520,8704,"Jul 24, 2020, 04:24 PM",sell
64,MSI,MOLLOY JOHN P,"EVP, Products & Sales","Jul 23, 2020",$145.00,3930,569850,34254,"Jul 24, 2020, 04:21 PM",sell
65,OPCH,SULLIVAN TIMOTHY P,Director,"Jul 24, 2020",$12.50,8000000,100000000,134613748,"Jul 24, 2020, 04:16 PM",sell
66,OPCH,BETTEN ELIZABETH QUADROS,Director,"Jul 24, 2020",$12.50,8000000,100000000,134613748,"Jul 24, 2020, 04:15 PM",sell
67,ZNGA,Bromberg Matthew S,Chief Operating Officer,"Jul 22, 2020",$9.82,12000,117840,860704,"Jul 24, 2020, 04:14 PM",sell
68,OPCH,MADISON DEARBORN PARTNERS LLC,Director,"Jul 24, 2020",$12.50,8000000,100000000,134613748,"Jul 24, 2020, 04:14 PM",sell
69,CARG,Steinert Langley,CEO and Chairman,"Jul 23, 2020",$25.01,24011,600515,751196,"Jul 24, 2020, 04:13 PM",sell
70,CARG,Steinert Langley,CEO and Chairman,"Jul 22, 2020",$24.65,987,24330,168792,"Jul 24, 2020, 04:13 PM",sell
71,CARG,Steinert Langley,CEO and Chairman,"Jul 22, 2020",$24.65,12006,295948,775207,"Jul 24, 2020, 04:13 PM",sell
72,CARG,Steinert Langley,CEO and Chairman,"Jul 23, 2020",$25.01,1974,49370,166818,"Jul 24, 2020, 04:13 PM",sell
73,BIG,Bachmann Lisa M,Executive Vice President,"Jul 22, 2020",$42.36,19352,819751,111034,"Jul 24, 2020, 04:10 PM",sell
74,AAOI,Yeh Shu-Hua (Joshua),*** See Remarks,"Jul 22, 2020",$15.01,2000,30018,149841,"Jul 24, 2020, 04:05 PM",sell
75,AAOI,Kuo David C,General Counsel and Secretary,"Jul 22, 2020",$15.00,2000,30000,61567,"Jul 24, 2020, 04:03 PM",sell
76,PTC,FERNANDEZ PHILLIP M,Director,"Jul 23, 2020",$83.51,250,20878,21304,"Jul 24, 2020, 04:03 PM",sell
77,SNX,MURAI KEVIN M,Director,"Jul 22, 2020",$122.40,4600,563051,11673,"Jul 24, 2020, 02:53 PM",sell
78,DECK,Garcia Thomas,"SVP, General Counsel","Jul 23, 2020",$209.00,1000,209000,19617,"Jul 24, 2020, 02:47 PM",sell
79,MKSI,BAGSHAW SETH H,"Sr. VP, CFO & Treasurer","Jul 23, 2020",$124.74,4995,623099,22102,"Jul 24, 2020, 02:10 PM",sell
80,MKSI,BAGSHAW SETH H,"Sr. VP, CFO & Treasurer","Jul 22, 2020",$123.00,5,615,24164,"Jul 24, 2020, 02:10 PM",sell
81,STXS,Isaac Paul J,10% Owner,"Jul 23, 2020",$4.10,100,410,4223879,"Jul 24, 2020, 01:50 PM",sell
82,STXS,Isaac Paul J,10% Owner,"Jul 22, 2020",$4.13,5200,21476,4223979,"Jul 24, 2020, 01:47 PM",sell
83,CIEN,SMITH GARY B,"President, CEO","Jul 22, 2020",$54.41,4250,231258,373452,"Jul 24, 2020, 01:31 PM",sell
84,CIEN,SMITH GARY B,"President, CEO","Jul 23, 2020",$55.38,4250,235363,369202,"Jul 24, 2020, 01:31 PM",sell
85,BGIO,Rieder Richard M,Portfolio Manager,"Jul 22, 2020",$8.30,5500,45655,489397,"Jul 24, 2020, 01:27 PM",sell
86,RKFL,Rouf Henrik,10% Owner,"Oct 23, 2019",$4.00,10000,40000,2780543,"Jul 24, 2020, 01:19 PM",sell
87,RKFL,Rouf Henrik,10% Owner,"May 22, 2019",$4.00,25000,100000,2900543,"Jul 24, 2020, 01:19 PM",sell
88,RKFL,Rouf Henrik,10% Owner,"Feb 28, 2020",$4.00,11250,45000,2736793,"Jul 24, 2020, 01:19 PM",sell
89,RKFL,Rouf Henrik,10% Owner,"Sep 16, 2019",$4.00,35000,140000,2790543,"Jul 24, 2020, 01:19 PM",sell
90,RKFL,Rouf Henrik,10% Owner,"Jan 14, 2020",$4.00,15000,60000,2768043,"Jul 24, 2020, 01:19 PM",sell
91,RKFL,Rouf Henrik,10% Owner,"Jul 19, 2019",$4.00,17500,70000,2825543,"Jul 24, 2020, 01:19 PM",sell
92,RKFL,Rouf Henrik,10% Owner,"Jun 25, 2020",$0.03,200000,5000,2516168,"Jul 24, 2020, 01:19 PM",sell
93,RKFL,Rouf Henrik,10% Owner,"Dec 20, 2019",$4.00,7500,30000,2733043,"Jul 24, 2020, 01:19 PM",sell
94,RKFL,Rouf Henrik,10% Owner,"May 31, 2019",$4.00,17500,70000,2843043,"Jul 24, 2020, 01:19 PM",sell
95,RKFL,Rouf Henrik,10% Owner,"May 04, 2020",$0.90,72500,65250,2679168,"Jul 24, 2020, 01:19 PM",sell
96,CFB,O'Toole David L.,CPO & Chief Investment Officer,"Jul 22, 2020",$9.96,500,4980,36331,"Jul 24, 2020, 12:57 PM",sell
97,RKFL,Rouf Henrik,10% Owner,"May 31, 2019",$4.00,17500,70000,2843043,"Jul 24, 2020, 11:27 AM",sell
98,RKFL,Rouf Henrik,10% Owner,"May 04, 2020",$0.90,72500,65250,2679168,"Jul 24, 2020, 11:27 AM",sell
99,RKFL,Rouf Henrik,10% Owner,"Oct 23, 2019",$4.00,10000,40000,2780543,"Jul 24, 2020, 11:27 AM",sell
100,RKFL,Rouf Henrik,10% Owner,"May 22, 2019",$4.00,25000,100000,2900543,"Jul 24, 2020, 11:27 AM",sell
101,RKFL,Rouf Henrik,10% Owner,"Feb 28, 2020",$4.00,11250,45000,2736793,"Jul 24, 2020, 11:27 AM",sell
102,RKFL,Rouf Henrik,10% Owner,"Sep 16, 2019",$4.00,35000,140000,2790543,"Jul 24, 2020, 11:27 AM",sell
103,RKFL,Rouf Henrik,10% Owner,"Jan 14, 2020",$4.00,15000,60000,2768043,"Jul 24, 2020, 11:27 AM",sell
104,RKFL,Rouf Henrik,10% Owner,"Jul 19, 2019",$4.00,17500,70000,2825543,"Jul 24, 2020, 11:27 AM",sell
105,RKFL,Rouf Henrik,10% Owner,"Jun 25, 2020",$25.00,200000,5000000,2516168,"Jul 24, 2020, 11:27 AM",sell
106,RKFL,Rouf Henrik,10% Owner,"Dec 20, 2019",$4.00,7500,30000,2733043,"Jul 24, 2020, 11:27 AM",sell
1,RKFL,Rouf Henrik,10% Owner,"May 31, 2019",$4.00,17500,70000,2843043,"Jul 24, 2020, 11:27 AM",sell
2,RKFL,Rouf Henrik,10% Owner,"May 04, 2020",$0.90,72500,65250,2679168,"Jul 24, 2020, 11:27 AM",sell
3,RKFL,Rouf Henrik,10% Owner,"Oct 23, 2019",$4.00,10000,40000,2780543,"Jul 24, 2020, 11:27 AM",sell
4,RKFL,Rouf Henrik,10% Owner,"May 22, 2019",$4.00,25000,100000,2900543,"Jul 24, 2020, 11:27 AM",sell
5,RKFL,Rouf Henrik,10% Owner,"Feb 28, 2020",$4.00,11250,45000,2736793,"Jul 24, 2020, 11:27 AM",sell
6,RKFL,Rouf Henrik,10% Owner,"Sep 16, 2019",$4.00,35000,140000,2790543,"Jul 24, 2020, 11:27 AM",sell
7,RKFL,Rouf Henrik,10% Owner,"Jan 14, 2020",$4.00,15000,60000,2768043,"Jul 24, 2020, 11:27 AM",sell
8,RKFL,Rouf Henrik,10% Owner,"Jul 19, 2019",$4.00,17500,70000,2825543,"Jul 24, 2020, 11:27 AM",sell
9,RKFL,Rouf Henrik,10% Owner,"Jun 25, 2020",$25.00,200000,5000000,2516168,"Jul 24, 2020, 11:27 AM",sell
10,RKFL,Rouf Henrik,10% Owner,"Dec 20, 2019",$4.00,7500,30000,2733043,"Jul 24, 2020, 11:27 AM",sell
11,KR,MOORE CLYDE R,Director,"Jul 23, 2020",$35.24,13000,458120,119677,"Jul 24, 2020, 10:04 AM",sell
12,PLMR,Uchida T Christopher,Chief Financial Officer,"Jul 22, 2020",$84.71,600,50826,38906,"Jul 23, 2020, 09:42 PM",sell
13,PLMR,Fisher Heath A,President,"Jul 22, 2020",$86.16,5000,430789,20000,"Jul 23, 2020, 09:40 PM",sell
14,PLMR,Armstrong Mac,CEO and Chairman,"Jul 22, 2020",$86.13,12500,1076597,775388,"Jul 23, 2020, 09:39 PM",sell
15,PINS,Silbermann Benjamin,"Chairman, President, CEO, Co-F","Jul 21, 2020",$25.76,58559,1508609,0,"Jul 23, 2020, 09:26 PM",sell
16,PINS,Sharp Evan,Co-Founder & Chief Design & Cr,"Jul 21, 2020",$25.85,61962,1602015,0,"Jul 23, 2020, 09:25 PM",sell
17,QTRX,HRUSOVSKY E KEVIN,"Chairman, President & CEO","Jul 21, 2020",$31.87,2636,84016,1064204,"Jul 23, 2020, 08:38 PM",sell
18,KTOS,Lund Deanna H,EVP & CFO,"Jul 21, 2020",$16.15,7500,121141,236437,"Jul 23, 2020, 08:35 PM",sell
19,PLMR,Robinson Andrew T,Chief Underwriting Officer,"Jul 21, 2020",$83.35,2500,208366,121615,"Jul 23, 2020, 08:20 PM",sell
20,PSTG,Dietzen Scott,Director,"Jul 23, 2020",$18.00,9454,170172,2291056,"Jul 23, 2020, 08:20 PM",sell
21,PSTG,Dietzen Scott,Director,"Jul 22, 2020",$18.02,179914,3242068,2300510,"Jul 23, 2020, 08:20 PM",sell
22,PSTG,Dietzen Scott,Director,"Jul 21, 2020",$18.02,166595,3002401,2480424,"Jul 23, 2020, 08:20 PM",sell
23,KTOS,DEMARCO ERIC M,President & CEO,"Jul 21, 2020",$16.10,10000,160957,449650,"Jul 23, 2020, 08:16 PM",sell
24,NVCR,Ambrogi Michael J.,Chief Operating Officer,"Jul 22, 2020",$67.02,42972,2879966,250259,"Jul 23, 2020, 07:43 PM",sell
25,NVCR,Ambrogi Michael J.,Chief Operating Officer,"Jul 21, 2020",$65.06,3321,216072,220867,"Jul 23, 2020, 07:43 PM",sell
26,NVCR,LEUNG GABRIEL,Director,"Jul 21, 2020",$65.07,500,32536,72045,"Jul 23, 2020, 07:32 PM",sell
27,NVCR,LEUNG GABRIEL,Director,"Jul 22, 2020",$67.03,9500,636797,81122,"Jul 23, 2020, 07:32 PM",sell
28,FND,AXELROD NORMAN,Director,"Jul 21, 2020",$62.50,10910,681875,6862,"Jul 23, 2020, 07:31 PM",sell
29,FND,AXELROD NORMAN,Director,"Jul 23, 2020",$67.50,34000,2295000,6862,"Jul 23, 2020, 07:31 PM",sell
30,FND,AXELROD NORMAN,Director,"Jul 22, 2020",$64.90,34000,2206600,6862,"Jul 23, 2020, 07:31 PM",sell
31,FND,TAYLOR THOMAS V,CHIEF EXECUTIVE OFFICER,"Jul 21, 2020",$63.85,75000,4788750,236668,"Jul 23, 2020, 07:30 PM",sell
32,GRWG,"Merida Capital Partners, LP",Former 10% Owner,"Jul 21, 2020",$8.12,25000,203050,1476997,"Jul 23, 2020, 07:14 PM",sell
33,GRWG,"Merida Capital Partners, LP",Former 10% Owner,"Jul 23, 2020",$7.70,115000,885235,1316997,"Jul 23, 2020, 07:14 PM",sell
34,GRWG,"Merida Capital Partners, LP",Former 10% Owner,"Jul 22, 2020",$7.58,60000,454740,1416997,"Jul 23, 2020, 07:14 PM",sell
35,IMMR,Haidamus Ramzi,President and CEO,"Jul 21, 2020",$6.69,8970,59998,66243,"Jul 23, 2020, 07:13 PM",sell
36,CRM,Benioff Marc,Chair of the Board & CEO,"Jul 23, 2020",$191.02,15000,2865356,29981316,"Jul 23, 2020, 07:01 PM",sell
37,RMNI,Grady Sebastian,President,"Jul 23, 2020",$5.32,5792,30813,5500,"Jul 23, 2020, 06:52 PM",sell
38,RMNI,Grady Sebastian,President,"Jul 21, 2020",$5.32,1144,6087,5500,"Jul 23, 2020, 06:52 PM",sell
39,POWI,Bailey Doug,VP Marketing,"Jul 22, 2020",$121.95,500,60975,59361,"Jul 23, 2020, 06:32 PM",sell
40,FB,Newstead Jennifer,VP and General Counsel,"Jul 21, 2020",$246.22,194,47767,2112,"Jul 23, 2020, 06:25 PM",sell
41,STZ,SANDS ROBERT,Chairman of the Board,"Jul 22, 2020",$179.80,122203,21972263,596738,"Jul 23, 2020, 06:13 PM",sell
42,STZ,SANDS ROBERT,Chairman of the Board,"Jul 21, 2020",$181.20,90184,16340924,577682,"Jul 23, 2020, 06:13 PM",sell
43,STZ,SANDS RICHARD,Vice Chairman of the Board,"Jul 21, 2020",$181.17,151404,27430116,186769,"Jul 23, 2020, 06:13 PM",sell
44,STZ,SANDS RICHARD,Vice Chairman of the Board,"Jul 22, 2020",$179.81,184489,33172870,270544,"Jul 23, 2020, 06:13 PM",sell
45,CRM,Tallapragada Srinivas,Pres/Chief Engineering Officer,"Jul 23, 2020",$192.70,335,64554,42119,"Jul 23, 2020, 06:12 PM",sell
46,AMKR,Faust Megan,CFO,"Jul 23, 2020",$12.41,4500,55845,7219,"Jul 23, 2020, 06:07 PM",sell
47,MNTA,GILMAN STEVEN C,Director,"Jul 22, 2020",$33.23,10000,332300,7796,"Jul 23, 2020, 05:55 PM",sell
48,FAST,Miller Charles S.,Senior Executive VP,"Jul 21, 2020",$45.31,34957,1584031,7500,"Jul 23, 2020, 05:43 PM",sell
49,FAST,Jansen James C,Executive Vice President,"Jul 21, 2020",$45.55,15000,683241,25176,"Jul 23, 2020, 05:43 PM",sell
50,MNTA,FIER IAN,Chief Mfg and Program Officer,"Jul 22, 2020",$32.48,33504,1088313,1350,"Jul 23, 2020, 05:42 PM",sell
51,PFSI,Walker David M,Chief Risk Officer,"Jul 22, 2020",$44.71,5000,223566,268085,"Jul 23, 2020, 05:29 PM",sell
52,PFSI,Walker David M,Chief Risk Officer,"Jul 21, 2020",$43.97,10000,439740,273385,"Jul 23, 2020, 05:29 PM",sell
53,USX,Pate Lisa M,10% Owner,"Jul 21, 2020",$7.04,20000,140778,2463914,"Jul 23, 2020, 05:28 PM",sell
54,HZO,MCLAMB MICHAEL H,"Executive VP, CFO and Sec","Jul 22, 2020",$27.28,5000,136400,87840,"Jul 23, 2020, 05:27 PM",sell
55,HZO,MCLAMB MICHAEL H,"Executive VP, CFO and Sec","Jul 21, 2020",$25.86,10000,258650,97840,"Jul 23, 2020, 05:27 PM",sell
56,PFSI,MCCALLION ANNE,Director,"Jul 22, 2020",$44.69,5000,223450,128606,"Jul 23, 2020, 05:27 PM",sell
57,HZO,MCLAMB MICHAEL H,"Executive VP, CFO and Sec","Jul 23, 2020",$28.68,5000,143409,82940,"Jul 23, 2020, 05:27 PM",sell
58,PFSI,MCCALLION ANNE,Director,"Jul 21, 2020",$43.95,5000,219737,133638,"Jul 23, 2020, 05:27 PM",sell
59,SYNA,McFarland John,"SVP, General Counsel & Sec.","Jul 21, 2020",$80.00,3000,240000,17880,"Jul 23, 2020, 05:22 PM",sell
60,SONO,Millington Nicholas,Chief Innovation Officer,"Jul 21, 2020",$16.87,30450,513646,56405,"Jul 23, 2020, 05:16 PM",sell
61,BILL,Aji Rajesh A.,General Counsel & CCO,"Jul 21, 2020",$86.38,6000,518301,47699,"Jul 23, 2020, 05:14 PM",sell
62,FREQ,Loose Christopher R.,Chief Scientific Officer,"Jul 22, 2020",$21.51,4500,96791,161782,"Jul 23, 2020, 05:10 PM",sell
63,COLM,BANY SARAH,10% Owner,"Jul 23, 2020",$81.78,25000,2044388,7397878,"Jul 23, 2020, 05:09 PM",sell
64,COLM,BANY SARAH,10% Owner,"Jul 22, 2020",$80.08,1108,88729,7399178,"Jul 23, 2020, 05:09 PM",sell
65,DDOG,Agarwal Amit,Chief Product Officer,"Jul 21, 2020",$91.25,14000,1277546,11400,"Jul 23, 2020, 05:09 PM",sell
66,DDOG,Agarwal Amit,Chief Product Officer,"Jul 21, 2020",$91.22,1009,92039,869,"Jul 23, 2020, 05:09 PM",sell
67,DDOG,Agarwal Amit,Chief Product Officer,"Jul 21, 2020",$91.32,3509,320430,137371,"Jul 23, 2020, 05:09 PM",sell
68,COLM,Gertrude Boyle Trust,10% Owner,"Jul 22, 2020",$80.08,1108,88729,7399178,"Jul 23, 2020, 05:08 PM",sell
69,COLM,Gertrude Boyle Trust,10% Owner,"Jul 23, 2020",$81.78,25000,2044388,7397878,"Jul 23, 2020, 05:08 PM",sell
70,ABT,AUSTIN ROXANNE S,Director,"Jul 22, 2020",$99.80,6844,683038,40043,"Jul 23, 2020, 05:07 PM",sell
71,PLXS,Frisch Steven J.,Exec VP & Chief Operating Off.,"Jul 21, 2020",$74.45,4750,353637,48318,"Jul 23, 2020, 05:05 PM",sell
72,PLXS,Frisch Steven J.,Exec VP & Chief Operating Off.,"Jul 23, 2020",$77.83,9500,739385,53068,"Jul 23, 2020, 05:05 PM",sell
73,ABT,PEDERSON MICHAEL J,Senior Vice President,"Jul 21, 2020",$98.00,23008,2254784,73891,"Jul 23, 2020, 05:04 PM",sell
74,HLIX,VENEGAS ZACHARY L,Chief Executive Officer,"Jul 21, 2020",$0.10,5000,500,22007228,"Jul 23, 2020, 05:04 PM",sell
75,HLIX,VENEGAS ZACHARY L,Chief Executive Officer,"Jul 22, 2020",$0.09,5000,450,22002228,"Jul 23, 2020, 05:04 PM",sell
76,SYNA,NOLAN KERMIT,See Remarks,"Jul 21, 2020",$79.52,5488,436391,52481,"Jul 23, 2020, 05:02 PM",sell
77,GNSS,"AWM Investment Company, Inc.",10% Owner,"Jul 22, 2020",$4.52,11239,50747,4775059,"Jul 23, 2020, 04:57 PM",sell
78,GNSS,"AWM Investment Company, Inc.",10% Owner,"Jul 21, 2020",$4.81,32408,155874,4798348,"Jul 23, 2020, 04:57 PM",sell
79,TENB,Vintz Stephen A,Chief Financial Officer,"Jul 22, 2020",$31.80,17738,564068,93649,"Jul 23, 2020, 04:56 PM",sell
80,TENB,Vintz Stephen A,Chief Financial Officer,"Jul 21, 2020",$31.83,5948,189325,111387,"Jul 23, 2020, 04:56 PM",sell
81,NEM,Cmil Jennifer,"EVP, Human Resources","Jul 21, 2020",$65.00,2571,167115,19660,"Jul 23, 2020, 04:55 PM",sell
82,SYNA,BUCHANAN JEFFREY D,Director,"Jul 21, 2020",$78.22,7500,586650,12681,"Jul 23, 2020, 04:55 PM",sell
83,RNG,Agarwal Vaibhav,Chief Accounting Officer,"Jul 21, 2020",$279.64,480,134226,20284,"Jul 23, 2020, 04:52 PM",sell
84,HLIX,Ogur Scott Matthew,Chief Financial Officer,"Jul 21, 2020",$0.10,5000,500,22007228,"Jul 23, 2020, 04:51 PM",sell
85,HLIX,Ogur Scott Matthew,Chief Financial Officer,"Jul 22, 2020",$0.09,5000,450,22002228,"Jul 23, 2020, 04:51 PM",sell
86,CDLX,Laube Lynne Marie,Chief Executive Officer,"Jul 22, 2020",$73.43,2000,146860,14565,"Jul 23, 2020, 04:49 PM",sell
87,AVGO,TAN HOCK E,President and CEO,"Jul 21, 2020",$315.18,57171,18018974,298789,"Jul 23, 2020, 04:40 PM",sell
88,KMX,MARGOLIN ERIC M,"EVP, Gen. Counsel & Secretary","Jul 22, 2020",$97.89,33026,3232915,24440,"Jul 23, 2020, 04:38 PM",sell
89,KMX,MARGOLIN ERIC M,"EVP, Gen. Counsel & Secretary","Jul 21, 2020",$96.12,5781,555670,24440,"Jul 23, 2020, 04:38 PM",sell
90,KMX,Livesay Jill A,"VP, Controller & PAO","Jul 22, 2020",$98.00,2107,206486,4933,"Jul 23, 2020, 04:38 PM",sell
91,KMX,FOLLIARD THOMAS J,Director,"Jul 22, 2020",$97.61,254731,24863310,297123,"Jul 23, 2020, 04:38 PM",sell
92,KMX,Cafritz Diane L,SVP & CHRO,"Jul 22, 2020",$97.09,6562,637105,4646,"Jul 23, 2020, 04:38 PM",sell
93,HLIX,HELIX OPPORTUNITIES LLC,10% Owner,"Jul 21, 2020",$0.10,5000,500,22007228,"Jul 23, 2020, 04:36 PM",sell
94,HLIX,HELIX OPPORTUNITIES LLC,10% Owner,"Jul 22, 2020",$0.09,5000,450,22002228,"Jul 23, 2020, 04:36 PM",sell
95,TOL,Yearley Douglas C. Jr.,Chief Executive Officer,"Jul 23, 2020",$38.00,30000,1140000,320457,"Jul 23, 2020, 04:36 PM",sell
96,ADBE,NARAYEN SHANTANU,"Chairman, President and CEO","Jul 22, 2020",$445.00,10000,4449965,404862,"Jul 23, 2020, 04:34 PM",sell
97,BK,Harris Mitchell E.,Sr. Executive Vice President,"Jul 22, 2020",$35.75,35000,1251285,145425,"Jul 23, 2020, 04:33 PM",sell
98,MTSI,Hwang Donghyun Thomas,"SVP, Global Sales","Jul 21, 2020",$39.22,632,24787,66301,"Jul 23, 2020, 04:32 PM",sell
99,TARA,Marshall Randall,10% Owner,"Jul 22, 2020",$26.73,1372,36675,643366,"Jul 23, 2020, 04:31 PM",sell
100,TARA,Marshall Randall,10% Owner,"Jul 21, 2020",$26.56,223,5923,644663,"Jul 23, 2020, 04:31 PM",sell
101,UNH,BURKE RICHARD T,Director,"Jul 22, 2020",$303.50,10000,3035017,1376500,"Jul 23, 2020, 04:27 PM",sell
102,RMG,"GLAZER CAPITAL, LLC",10% Owner,"Jul 23, 2020",$10.50,1000,10500,2971340,"Jul 23, 2020, 04:25 PM",sell
103,RMG,"GLAZER CAPITAL, LLC",10% Owner,"Jul 22, 2020",$10.50,1000,10500,2972340,"Jul 23, 2020, 04:25 PM",sell
104,RMG,"GLAZER CAPITAL, LLC",10% Owner,"Jul 21, 2020",$10.50,1000,10500,2973340,"Jul 23, 2020, 04:25 PM",sell
1,MEDP,Troendle August J.,President & CEO,"Jul 22, 2020",$109.99,35878,3946221,7637199,"Jul 23, 2020, 04:23 PM",sell
2,MEDP,Troendle August J.,President & CEO,"Jul 21, 2020",$106.78,28090,2999450,7673077,"Jul 23, 2020, 04:23 PM",sell
3,ALBO,Duncan Jason,Chief Legal Officer and GC,"Jul 22, 2020",$25.80,91,2348,4370,"Jul 23, 2020, 04:23 PM",sell
4,MEDP,"Medpace Investors, LLC",10% Owner,"Jul 22, 2020",$109.99,35878,3946221,7637199,"Jul 23, 2020, 04:20 PM",sell
5,MEDP,"Medpace Investors, LLC",10% Owner,"Jul 21, 2020",$106.78,28090,2999450,7673077,"Jul 23, 2020, 04:20 PM",sell
6,INSP,Jandrich Steven,"Chief Comp Off & VP, Human Res","Jul 21, 2020",$98.96,1000,98960,1805,"Jul 23, 2020, 04:17 PM",sell
7,SPXC,Nurkin John Webster,"VP, Gen. Counsel & Secretary","Jul 21, 2020",$42.18,18408,776449,68373,"Jul 23, 2020, 04:16 PM",sell
8,CDXS,KELLEY BERNARD J,Director,"Jul 21, 2020",$12.79,2500,31965,213636,"Jul 23, 2020, 04:16 PM",sell
9,INSP,Buchholz Richard,Chief Financial Officer,"Jul 21, 2020",$99.37,3000,298122,31968,"Jul 23, 2020, 04:16 PM",sell
10,ALBO,Horn Patrick Taylor,Chief Medical Officer,"Jul 22, 2020",$25.80,91,2348,4374,"Jul 23, 2020, 04:15 PM",sell
11,MS,ROONEY ROBERT P,Head of Tech/Ops/Resilience,"Jul 21, 2020",$52.18,18355,957843,209542,"Jul 23, 2020, 04:12 PM",sell
12,MNTA,Manning Anthony M.,Chief Scientific Officer,"Jul 21, 2020",$34.69,1939,67260,14523,"Jul 23, 2020, 04:08 PM",sell
13,MNTA,Arroyo Santiago,"SVP, Chief Medical Officer","Jul 21, 2020",$34.62,49967,1729857,11468,"Jul 23, 2020, 04:07 PM",sell
14,MNTA,Arroyo Santiago,"SVP, Chief Medical Officer","Jul 22, 2020",$32.32,1939,62668,9529,"Jul 23, 2020, 04:07 PM",sell
15,HUBS,Halligan Brian,Chief Executive Officer,"Jul 21, 2020",$231.90,8500,1971150,700794,"Jul 23, 2020, 04:06 PM",sell
16,BSX,Pierce David A,EVP Pres MedSurg,"Jul 22, 2020",$38.00,2170,82460,9401,"Jul 23, 2020, 04:06 PM",sell
17,CSTL,BRADBURY DANIEL,Director,"Jul 22, 2020",$39.58,3750,148429,865028,"Jul 23, 2020, 04:06 PM",sell
18,CSTL,BRADBURY DANIEL,Director,"Jul 21, 2020",$41.81,3750,156793,869630,"Jul 23, 2020, 04:06 PM",sell
19,DPZ,VASCONI JOHN KEVIN,"EVP, Chief Information Officer","Jul 21, 2020",$389.80,1200,467762,4542,"Jul 23, 2020, 04:06 PM",sell
20,SPTN,ATKINS M SHAN,Director,"Jul 21, 2020",$22.00,3000,66000,42112,"Jul 23, 2020, 04:03 PM",sell
21,CSTL,MAETZOLD DEREK J,Pres. & Chief Exec. Officer,"Jul 22, 2020",$39.57,5000,197834,1579638,"Jul 23, 2020, 04:02 PM",sell
22,CSTL,MAETZOLD DEREK J,Pres. & Chief Exec. Officer,"Jul 21, 2020",$41.97,7000,293823,1587718,"Jul 23, 2020, 04:02 PM",sell
23,EXPI,Sanford Glenn Darrel,CEO and Chairman of the Board,"Jul 21, 2020",$18.49,10000,184897,20790214,"Jul 23, 2020, 04:00 PM",sell
24,SNX,MURAI KEVIN M,Director,"Jul 21, 2020",$122.04,4600,561399,13080,"Jul 23, 2020, 03:32 PM",sell
25,AUB,Clarke Michael W,Director,"Jul 23, 2020",$22.53,2000,45060,477519,"Jul 23, 2020, 03:05 PM",sell
26,AUB,Clarke Michael W,Director,"Jul 22, 2020",$22.50,2000,45000,479519,"Jul 23, 2020, 03:05 PM",sell
27,AUB,Clarke Michael W,Director,"Jul 21, 2020",$22.50,2000,45000,481519,"Jul 23, 2020, 03:05 PM",sell
28,WGO,Bhattacharya Ashis Nayan,VP-Strategic Dev. & Planning,"Jul 21, 2020",$63.52,3927,249443,18446,"Jul 23, 2020, 02:31 PM",sell
29,NEE,Reagan Ronald R,"EVP, Eng., Const. & ISC","Jul 22, 2020",$280.00,178,49840,8714,"Jul 23, 2020, 01:40 PM",sell
30,POWI,Bailey Doug,VP Marketing,"Jul 21, 2020",$125.53,500,62765,59361,"Jul 23, 2020, 12:12 PM",sell
31,FUL,JENSEN TRACI L,Vice President,"Jul 22, 2020",$44.89,12658,568243,15706,"Jul 23, 2020, 10:41 AM",sell
32,ALTR,Christ Revocable Trust,10% Owner,"Jul 21, 2020",$39.31,50000,1965600,0,"Jul 23, 2020, 09:41 AM",sell
33,ALTR,Christ George J,10% Owner,"Jul 21, 2020",$39.31,50000,1965600,0,"Jul 23, 2020, 09:38 AM",sell
34,AXNX,Sama Rinda,Chief Operating Officer,"Jul 21, 2020",$40.81,14400,587611,189001,"Jul 22, 2020, 09:58 PM",sell
35,AXNX,Sama Rinda,Chief Operating Officer,"Jul 20, 2020",$39.37,20600,811023,187174,"Jul 22, 2020, 09:58 PM",sell
36,APLT,Shendelman Shoshana,President and CEO,"Jul 22, 2020",$25.66,15000,384876,557235,"Jul 22, 2020, 09:55 PM",sell
37,APLT,Shendelman Shoshana,President and CEO,"Jul 21, 2020",$27.06,15000,405834,561685,"Jul 22, 2020, 09:55 PM",sell
38,APLT,Shendelman Shoshana,President and CEO,"Jul 20, 2020",$27.34,15000,410079,557185,"Jul 22, 2020, 09:55 PM",sell
39,TSLA,Taneja Vaibhav,Chief Accounting Officer,"Jul 20, 2020",$1558.75,887,1382608,3587,"Jul 22, 2020, 09:50 PM",sell
40,ADVM,Gasmi Mehdi,Director,"Jul 20, 2020",$17.60,5000,87978,274442,"Jul 22, 2020, 09:44 PM",sell
41,PINS,Sharp Evan,Co-Founder & Chief Design & Cr,"Jul 20, 2020",$24.99,62500,1561656,0,"Jul 22, 2020, 09:38 PM",sell
42,TENB,"Insight Holdings Group, LLC",10% Owner,"Jul 21, 2020",$31.57,150008,4735558,3414526,"Jul 22, 2020, 08:38 PM",sell
43,TENB,"Insight Holdings Group, LLC",10% Owner,"Jul 20, 2020",$31.25,62503,1953487,3457969,"Jul 22, 2020, 08:38 PM",sell
44,TENB,"Insight Holdings Group, LLC",10% Owner,"Jul 22, 2020",$31.35,635705,19930242,3230422,"Jul 22, 2020, 08:38 PM",sell
45,TENB,"Insight Holdings Group, LLC",10% Owner,"Jul 21, 2020",$31.57,149992,4735053,7264741,"Jul 22, 2020, 08:35 PM",sell
46,TENB,"Insight Holdings Group, LLC",10% Owner,"Jul 20, 2020",$31.25,62497,1953300,7357169,"Jul 22, 2020, 08:35 PM",sell
47,TENB,"Insight Holdings Group, LLC",10% Owner,"Jul 22, 2020",$31.35,635640,19928204,6873043,"Jul 22, 2020, 08:35 PM",sell
48,PFSI,Botein Matthew,Director,"Jul 20, 2020",$44.04,13615,599575,318087,"Jul 22, 2020, 08:28 PM",sell
49,PFSI,Botein Matthew,Director,"Jul 22, 2020",$44.66,3190,142464,311802,"Jul 22, 2020, 08:28 PM",sell
50,PFSI,Botein Matthew,Director,"Jul 21, 2020",$44.16,3095,136687,314992,"Jul 22, 2020, 08:28 PM",sell
51,MTCH,LEVIN JOSEPH,Director,"Jul 20, 2020",$97.40,458660,44671453,787930,"Jul 22, 2020, 08:17 PM",sell
52,GWPH,Knappertz Volker,Chief Medical Officer,"Jul 20, 2020",$11.42,6000,68520,53940,"Jul 22, 2020, 08:00 PM",sell
53,ARES,deVeer R. Kipp,Head of Credit Group,"Jul 22, 2020",$41.03,1848,75823,1042050,"Jul 22, 2020, 07:59 PM",sell
54,ARES,deVeer R. Kipp,Head of Credit Group,"Jul 21, 2020",$41.03,5665,232435,1043898,"Jul 22, 2020, 07:59 PM",sell
55,ARES,deVeer R. Kipp,Head of Credit Group,"Jul 20, 2020",$41.11,53375,2194246,1049563,"Jul 22, 2020, 07:59 PM",sell
56,TWTR,Montano Michael,Engineering Lead,"Jul 20, 2020",$35.81,1750,62668,729406,"Jul 22, 2020, 07:56 PM",sell
57,APPF,Schauser Klaus,Director,"Jul 20, 2020",$152.66,15798,2411721,14498,"Jul 22, 2020, 07:56 PM",sell
58,IRTC,Vort David A,"EVP, Sales","Jul 20, 2020",$119.76,5264,630416,19981,"Jul 22, 2020, 07:28 PM",sell
59,SGH,Dow Stephen C.,Senior Vice President,"Jul 20, 2020",$27.79,696,19345,25218,"Jul 22, 2020, 07:22 PM",sell
60,TIG,O'Brien Andrew,President and CEO,"Jul 22, 2020",$13.95,160282,2235934,4100558,"Jul 22, 2020, 07:15 PM",sell
61,TIG,O'Brien Andrew,President and CEO,"Jul 20, 2020",$13.95,470425,6562429,4260840,"Jul 22, 2020, 07:15 PM",sell
62,TIG,"Altaris Partners, LLC",Director,"Jul 20, 2020",$13.95,1580282,22044934,23854902,"Jul 22, 2020, 07:14 PM",sell
63,TIG,"Altaris Partners, LLC",Director,"Jul 22, 2020",$13.95,1046860,14603697,23003209,"Jul 22, 2020, 07:14 PM",sell
64,TIG,Tully Daniel,Director,"Jul 22, 2020",$13.95,1046860,14603697,23003209,"Jul 22, 2020, 07:13 PM",sell
65,TIG,Tully Daniel,Director,"Jul 20, 2020",$13.95,1580282,22044934,23854902,"Jul 22, 2020, 07:13 PM",sell
66,QTRX,Madaus Martin D,Director,"Jul 21, 2020",$31.45,1600,50320,11196,"Jul 22, 2020, 07:13 PM",sell
67,QTRX,Madaus Martin D,Director,"Jul 20, 2020",$31.05,1600,49680,11196,"Jul 22, 2020, 07:13 PM",sell
68,NFLX,HASTINGS REED,CEO,"Jul 21, 2020",$494.83,43239,21396065,41839,"Jul 22, 2020, 07:03 PM",sell
69,EXEL,Haley Patrick J.,"EVP, Commercial","Jul 20, 2020",$25.36,3151,79909,112189,"Jul 22, 2020, 07:01 PM",sell
70,CRM,Benioff Marc,Chair of the Board & CEO,"Jul 22, 2020",$190.40,15000,2856030,29985400,"Jul 22, 2020, 07:01 PM",sell
71,ZM,Pelosi Janine,Chief Marketing Officer,"Jul 20, 2020",$252.53,9375,2367436,10156,"Jul 22, 2020, 06:55 PM",sell
72,PGR,Sieger Michael D,Claims President,"Jul 21, 2020",$88.05,2868,252527,60433,"Jul 22, 2020, 06:55 PM",sell
73,PGR,Murphy John Jo,CRM President,"Jul 21, 2020",$88.05,12417,1093317,22369,"Jul 22, 2020, 06:49 PM",sell
74,PGR,Charney M Jeffrey,Chief Marketing Officer,"Jul 21, 2020",$88.05,21252,1871239,79211,"Jul 22, 2020, 06:45 PM",sell
75,CABO,Bowker Michael E.,Chief Operating Officer,"Jul 20, 2020",$1802.00,327,589254,2357,"Jul 22, 2020, 06:43 PM",sell
76,DBX,Regan Timothy,Chief Accounting Officer,"Jul 20, 2020",$21.70,2000,43400,140046,"Jul 22, 2020, 06:40 PM",sell
77,TRUP,Friedman Gavin,Chief People Officer,"Jul 20, 2020",$49.52,300,14856,2011,"Jul 22, 2020, 06:38 PM",sell
78,NTGR,Cormack Heidi,"SVP, Marketing","Jul 21, 2020",$29.51,1340,39543,42035,"Jul 22, 2020, 06:37 PM",sell
79,PHR,CAHILL EDWARD L,Director,"Jul 21, 2020",$29.02,9080,263520,46467,"Jul 22, 2020, 06:35 PM",sell
80,NTGR,WAECHTER THOMAS H,Director,"Jul 21, 2020",$30.00,2133,63990,31820,"Jul 22, 2020, 06:34 PM",sell
81,NTGR,FALCON MICHAEL F,Chief Operations Officer,"Jul 21, 2020",$30.00,8278,248340,66553,"Jul 22, 2020, 06:31 PM",sell
82,CODA,Ezralow Bryan,Former 10% owner,"Jul 20, 2020",$6.21,12000,74496,896079,"Jul 22, 2020, 06:30 PM",sell
83,AMPH,Liawatidewi Yakob,EVP Corp Admin Center,"Jul 20, 2020",$21.03,4186,88047,45996,"Jul 22, 2020, 06:28 PM",sell
84,AMPH,Liawatidewi Yakob,EVP Corp Admin Center,"Jul 21, 2020",$21.22,5978,126837,45996,"Jul 22, 2020, 06:28 PM",sell
85,TWLO,Lawson Jeff,Chief Executive Officer,"Jul 20, 2020",$255.80,35000,8953017,84914,"Jul 22, 2020, 06:28 PM",sell
86,BGNE,OYLER JOHN,Chief Executive Officer,"Jul 22, 2020",$238.34,27748,6613503,21612,"Jul 22, 2020, 06:22 PM",sell
87,Z AND ZG,Wacksman Jeremy,"President, Zillow","Jul 20, 2020",$65.81,43700,2875778,27407,"Jul 22, 2020, 06:17 PM",sell
88,Z AND ZG,Prawer Arik,"President, Homes","Jul 20, 2020",$65.00,3515,228475,139227,"Jul 22, 2020, 06:17 PM",sell
89,Z AND ZG,Frink Lloyd D,Chairman & President,"Jul 20, 2020",$65.24,1500,97858,875555,"Jul 22, 2020, 06:16 PM",sell
90,Z AND ZG,Frink Lloyd D,Chairman & President,"Jul 20, 2020",$65.24,6000,391432,3023567,"Jul 22, 2020, 06:16 PM",sell
91,Z AND ZG,BARTON RICHARD N,Chief Executive Officer,"Jul 20, 2020",$65.73,500000,32863854,5397713,"Jul 22, 2020, 06:16 PM",sell
92,Z AND ZG,BARTON RICHARD N,Chief Executive Officer,"Jul 22, 2020",$67.68,70930,4800634,4852340,"Jul 22, 2020, 06:16 PM",sell
93,Z AND ZG,BARTON RICHARD N,Chief Executive Officer,"Jul 21, 2020",$67.70,29070,1967998,4923270,"Jul 22, 2020, 06:16 PM",sell
94,VCYT,Hanna John Walter JR,Chief Commercial Officer,"Jul 20, 2020",$32.05,11294,361993,74524,"Jul 22, 2020, 06:16 PM",sell
95,VCYT,Hanna John Walter JR,Chief Commercial Officer,"Jul 21, 2020",$32.36,653,21131,74524,"Jul 22, 2020, 06:16 PM",sell
96,PIRS,"Aquilo Capital Management, LLC",10% Owner,"Jul 21, 2020",$2.95,1900000,5605000,3675530,"Jul 22, 2020, 06:15 PM",sell
97,BGNE,OYLER JOHN,Chief Executive Officer,"Jul 21, 2020",$251.83,26413,6651696,22003,"Jul 22, 2020, 06:14 PM",sell
98,BGNE,OYLER JOHN,Chief Executive Officer,"Jul 20, 2020",$251.85,28762,7243784,28062,"Jul 22, 2020, 06:14 PM",sell
99,AMGN,SUGAR RONALD D,Director,"Jul 22, 2020",$259.79,1000,259790,15589,"Jul 22, 2020, 06:11 PM",sell
100,VCYT,Anderson Bonnie H,Chairman and CEO,"Jul 22, 2020",$32.00,100,3200,272207,"Jul 22, 2020, 06:09 PM",sell
101,VCYT,Anderson Bonnie H,Chairman and CEO,"Jul 21, 2020",$32.09,3447,110614,272207,"Jul 22, 2020, 06:09 PM",sell
102,VCYT,Anderson Bonnie H,Chairman and CEO,"Jul 20, 2020",$32.04,20349,651911,272207,"Jul 22, 2020, 06:09 PM",sell
1,VCYT,Anderson Bonnie H,Chairman and CEO,"Jul 20, 2020",$32.04,20349,651911,272207,"Jul 22, 2020, 06:09 PM",sell
2,VCYT,Anderson Bonnie H,Chairman and CEO,"Jul 22, 2020",$32.00,100,3200,272207,"Jul 22, 2020, 06:09 PM",sell
3,VCYT,Anderson Bonnie H,Chairman and CEO,"Jul 21, 2020",$32.09,3447,110614,272207,"Jul 22, 2020, 06:09 PM",sell
4,MDLA,Stretch Leslie,President & CEO,"Jul 20, 2020",$29.18,30482,889419,1653471,"Jul 22, 2020, 06:07 PM",sell
5,MDLA,Oulman Roxanne,CFO and EVP,"Jul 21, 2020",$29.59,88368,2614924,452530,"Jul 22, 2020, 06:06 PM",sell
6,ON,KEETON SIMON,"EVP & GM, Pwr Sol Grp","Jul 20, 2020",$21.29,620,13200,134333,"Jul 22, 2020, 06:01 PM",sell
7,RMNI,Maddock Kevin,"EVP, Global Sales - Recurring","Jul 22, 2020",$5.28,2744,14488,90840,"Jul 22, 2020, 05:49 PM",sell
8,RMNI,Maddock Kevin,"EVP, Global Sales - Recurring","Jul 21, 2020",$5.29,31301,165676,93584,"Jul 22, 2020, 05:49 PM",sell
9,RMNI,Maddock Kevin,"EVP, Global Sales - Recurring","Jul 20, 2020",$5.23,15735,82230,124885,"Jul 22, 2020, 05:49 PM",sell
10,TWST,Leproust Emily M.,President & CEO,"Jul 21, 2020",$59.33,15000,889967,703055,"Jul 22, 2020, 05:48 PM",sell
11,ALTA,"Fairclough, Jr. Fred W.",Director,"Jul 22, 2020",$20.40,3750,76489,176676,"Jul 22, 2020, 05:47 PM",sell
12,CARG,Steinert Langley,CEO and Chairman,"Jul 20, 2020",$24.77,1347,33368,171313,"Jul 22, 2020, 05:42 PM",sell
13,CARG,Steinert Langley,CEO and Chairman,"Jul 20, 2020",$24.77,16377,405696,805876,"Jul 22, 2020, 05:42 PM",sell
14,CARG,Steinert Langley,CEO and Chairman,"Jul 21, 2020",$24.49,1023,25053,169779,"Jul 22, 2020, 05:42 PM",sell
15,CARG,Steinert Langley,CEO and Chairman,"Jul 21, 2020",$24.49,12443,304729,787213,"Jul 22, 2020, 05:42 PM",sell
16,MGTX,SHENK THOMAS E,Director,"Jul 20, 2020",$15.00,6667,100005,157476,"Jul 22, 2020, 05:39 PM",sell
17,KWR,BARRY MICHAEL F,"Chairman, CEO and President","Jul 20, 2020",$198.72,13544,2691501,134913,"Jul 22, 2020, 05:38 PM",sell
18,HCAC,"GLAZER CAPITAL, LLC",10% Owner,"Jul 22, 2020",$11.13,28855,321241,3138331,"Jul 22, 2020, 05:37 PM",sell
19,HCAC,"GLAZER CAPITAL, LLC",10% Owner,"Jul 21, 2020",$11.13,5577,62095,3144308,"Jul 22, 2020, 05:37 PM",sell
20,HCAC,"GLAZER CAPITAL, LLC",10% Owner,"Jul 20, 2020",$11.05,100000,1105000,3144408,"Jul 22, 2020, 05:37 PM",sell
21,MGTX,Naylor Stuart,Chief Development Officer,"Jul 21, 2020",$15.04,7698,115778,463963,"Jul 22, 2020, 05:37 PM",sell
22,MGTX,Naylor Stuart,Chief Development Officer,"Jul 20, 2020",$15.00,2356,35340,471661,"Jul 22, 2020, 05:37 PM",sell
23,HZNP,GREY MICHAEL G,Director,"Jul 22, 2020",$60.00,1755,105300,0,"Jul 22, 2020, 05:33 PM",sell
24,BMRN,FUCHS HENRY J,"President, Worldwide R&D","Jul 20, 2020",$130.00,126389,16430570,102995,"Jul 22, 2020, 05:32 PM",sell
25,PRTH,Kiewiet Sean,Chief Technology Officer,"Jul 20, 2020",$2.68,10000,26760,2231587,"Jul 22, 2020, 05:26 PM",sell
26,LVGO,SHAPIRO LEE,Chief Financial Officer,"Jul 21, 2020",$113.83,48565,5528154,1899919,"Jul 22, 2020, 05:23 PM",sell
27,BLUE,WENTWORTH KORY JAMES,Principal Accounting Officer,"Jul 20, 2020",$66.38,596,39562,9594,"Jul 22, 2020, 05:22 PM",sell
28,IPGP,Burgomaster Thomas J,Chief Accounting Officer,"Jul 21, 2020",$181.82,1690,307268,6890,"Jul 22, 2020, 05:18 PM",sell
29,IPGP,Burgomaster Thomas J,Chief Accounting Officer,"Jul 20, 2020",$180.01,741,133387,6200,"Jul 22, 2020, 05:18 PM",sell
30,SMP,SILLS PETER J,Director Emeritus,"Jul 21, 2020",$40.76,6586,268445,759954,"Jul 22, 2020, 05:18 PM",sell
31,INFO,Granat Sari Beth,"EVP, Chief Admin Officer & GC","Jul 21, 2020",$80.00,60000,4800000,49898,"Jul 22, 2020, 05:17 PM",sell
32,IPGP,Lopresti Angelo P,"SVP, Secretary & Gen Counsel","Jul 21, 2020",$182.15,4499,819498,48851,"Jul 22, 2020, 05:16 PM",sell
33,IPGP,Lopresti Angelo P,"SVP, Secretary & Gen Counsel","Jul 20, 2020",$180.01,2824,508348,41875,"Jul 22, 2020, 05:16 PM",sell
34,WORK,Henderson Cal,Chief Technology Officer,"Jul 20, 2020",$33.02,1500,49528,144396,"Jul 22, 2020, 05:14 PM",sell
35,WORK,Henderson Cal,Chief Technology Officer,"Jul 21, 2020",$33.03,1500,49544,142795,"Jul 22, 2020, 05:14 PM",sell
36,BILL,Chung Bora,SVP of Products,"Jul 20, 2020",$88.00,4500,396000,0,"Jul 22, 2020, 05:12 PM",sell
37,DDOG,OBSTLER DAVID M,Chief Financial Officer,"Jul 20, 2020",$91.65,205000,18787647,515994,"Jul 22, 2020, 05:12 PM",sell
38,MA,Mastercard Foundation,10% Owner,"Jun 29, 2020",$289.57,68670,19884751,110757854,"Jul 22, 2020, 05:07 PM",sell
39,OKTA,Kerrest Jacques Frederic,See Remarks,"Jul 20, 2020",$212.25,2755,584737,10047,"Jul 22, 2020, 05:06 PM",sell
40,OKTA,Kerrest Jacques Frederic,See Remarks,"Jul 20, 2020",$210.38,400720,84303983,360717,"Jul 22, 2020, 05:06 PM",sell
41,MA,Mastercard Foundation,10% Owner,"Jul 22, 2020",$311.87,68661,21413348,109727813,"Jul 22, 2020, 05:05 PM",sell
42,OKTA,HOROWITZ BENJAMIN A,Director,"Jul 20, 2020",$207.05,37882,7843612,979573,"Jul 22, 2020, 05:04 PM",sell
43,KSU,Songer Jeffrey M,EVP & COO,"Jul 21, 2020",$157.50,4492,707503,31399,"Jul 22, 2020, 05:02 PM",sell
44,NET,SEIFERT THOMAS J,Chief Financial Officer,"Jul 21, 2020",$38.33,15000,575010,100,"Jul 22, 2020, 05:00 PM",sell
45,SO,Kuczynski Stephen E,"Pres. & CEO, Southern Nuclear","Jul 21, 2020",$55.00,2500,137500,76996,"Jul 22, 2020, 04:59 PM",sell
46,MIME,Murray Neil,Director,"Jul 20, 2020",$42.60,35000,1491137,1247265,"Jul 22, 2020, 04:56 PM",sell
47,PLAN,CALDERONI FRANK,Chairman and CEO,"Jul 21, 2020",$45.87,50630,2322398,1525571,"Jul 22, 2020, 04:52 PM",sell
48,SLAB,Tolany Brandon,SR VP of Worldwide Sales,"Jul 21, 2020",$105.13,16170,1699952,38606,"Jul 22, 2020, 04:52 PM",sell
49,ILMN,TOUSI SUSAN H,SVP Product Development,"Jul 20, 2020",$400.00,500,200000,46354,"Jul 22, 2020, 04:49 PM",sell
50,KOD,EHRLICH JASON,See Remarks,"Jul 20, 2020",$50.44,6950,350526,39460,"Jul 22, 2020, 04:47 PM",sell
51,BGNE,Wang Xiaodong,Director,"Jul 20, 2020",$251.31,12000,3015740,11500,"Jul 22, 2020, 04:47 PM",sell
52,BGNE,Wang Xiaodong,Director,"Jul 20, 2020",$251.98,5000,1259896,4700,"Jul 22, 2020, 04:47 PM",sell
53,ILMN,FLATLEY JAY T,Director,"Jul 21, 2020",$399.00,4000,1596000,226933,"Jul 22, 2020, 04:46 PM",sell
54,STMP,Buerba Sebastian,Chief Marketing Officer,"Jul 20, 2020",$240.00,544,130560,0,"Jul 22, 2020, 04:46 PM",sell
55,STMP,Buerba Sebastian,Chief Marketing Officer,"Jul 06, 2020",$201.45,4318,869851,4785,"Jul 22, 2020, 04:46 PM",sell
56,STMP,Buerba Sebastian,Chief Marketing Officer,"Jul 02, 2020",$197.95,23451,4642241,19715,"Jul 22, 2020, 04:46 PM",sell
57,STMP,Buerba Sebastian,Chief Marketing Officer,"Jul 01, 2020",$196.35,46644,9158615,4137,"Jul 22, 2020, 04:46 PM",sell
58,DELL,Rothberg Richard J,General Counsel & Secretary,"Jul 20, 2020",$61.07,63653,3887398,136074,"Jul 22, 2020, 04:45 PM",sell
59,PD,Solomon Dan Alexandru,CTO & Co-Founder,"Jul 20, 2020",$27.02,21951,593092,3593848,"Jul 22, 2020, 04:42 PM",sell
60,TENB,Yoran Amit,"President, CEO and Chairman","Jul 20, 2020",$30.24,6421,194171,1294471,"Jul 22, 2020, 04:35 PM",sell
61,QTWO,Breeden John E,"EVP, Operations","Jul 20, 2020",$93.00,7614,708102,64580,"Jul 22, 2020, 04:33 PM",sell
62,QTWO,Seale R. H.,Director,"Jul 21, 2020",$95.00,1480,140600,3955,"Jul 22, 2020, 04:33 PM",sell
63,QTWO,Seale R. H.,Director,"Jul 21, 2020",$95.00,1481,140695,3953,"Jul 22, 2020, 04:33 PM",sell
64,YEXT,Distelburger Brian,President,"Jul 21, 2020",$16.81,10000,168140,3535320,"Jul 22, 2020, 04:31 PM",sell
65,HMTV,Hindery Leo J. Jr.,Director,"Jul 21, 2020",$9.84,4989,49092,36344,"Jul 22, 2020, 04:31 PM",sell
66,HMTV,Hindery Leo J. Jr.,Director,"Jul 20, 2020",$9.65,5011,48356,41333,"Jul 22, 2020, 04:31 PM",sell
67,REGN,Fenimore Christopher R.,VP Controller,"Jul 21, 2020",$642.04,3709,2381317,20994,"Jul 22, 2020, 04:31 PM",sell
68,PGNY,"TPG Group Holdings (SBS) Advisors, Inc.",10% Owner,"Jul 21, 2020",$26.21,54738,1434426,18910815,"Jul 22, 2020, 04:31 PM",sell
69,PGNY,"TPG Group Holdings (SBS) Advisors, Inc.",10% Owner,"Jul 20, 2020",$26.11,62882,1641994,18937236,"Jul 22, 2020, 04:31 PM",sell
70,ORLY,WILBANKS CARL DAVID,SVP OF MERCHANDISE,"Jul 21, 2020",$445.82,10000,4458249,807,"Jul 22, 2020, 04:31 PM",sell
71,REGN,Landry Robert E,EVP Finance CFO,"Jul 21, 2020",$647.58,391,253204,24672,"Jul 22, 2020, 04:30 PM",sell
72,BLK,FINK LAURENCE,Chairman and CEO,"Jul 21, 2020",$580.29,41706,24201455,787171,"Jul 22, 2020, 04:30 PM",sell
73,AAXN,Cullivan Julie A,Director,"Jul 21, 2020",$93.13,840,78228,8421,"Jul 22, 2020, 04:30 PM",sell
74,TRHC,Knowlton Orsula V,President,"Jul 20, 2020",$58.51,8000,468042,732162,"Jul 22, 2020, 04:29 PM",sell
75,VREX,Yankton Kevin Bruce,Chief Accounting Officer,"Jul 20, 2020",$16.34,1629,26618,0,"Jul 22, 2020, 04:27 PM",sell
76,TRHC,Knowlton Calvin H,Chief Executive Officer,"Jul 20, 2020",$58.51,8000,468042,727872,"Jul 22, 2020, 04:25 PM",sell
77,BLK,McCombe Mark,Senior Managing Director,"Jul 20, 2020",$580.16,3000,1740472,22471,"Jul 22, 2020, 04:22 PM",sell
78,ELVG,LAZARETOS PANAGIOTIS NIKOLAOS,10% Owner,"Jul 16, 2020",$0.79,1000,792,6849800,"Jul 22, 2020, 04:19 PM",sell
79,ELVG,LAZARETOS PANAGIOTIS NIKOLAOS,10% Owner,"Jul 15, 2020",$0.74,200,147,6850800,"Jul 22, 2020, 04:19 PM",sell
80,AMD,Norrod Forrest Eugene,SVP & GM DESG,"Jul 20, 2020",$55.25,75000,4143750,677100,"Jul 22, 2020, 04:17 PM",sell
81,NKE,Campion Andrew,CHIEF OPERATING OFFICER,"Jul 21, 2020",$98.56,56313,5550209,125993,"Jul 22, 2020, 04:16 PM",sell
82,TTGT,MARINO ROGER M,Director,"Jul 20, 2020",$33.46,59869,2003217,1629015,"Jul 22, 2020, 04:16 PM",sell
83,TTGT,MARINO ROGER M,Director,"Jul 21, 2020",$33.81,29854,1009364,212101,"Jul 22, 2020, 04:16 PM",sell
84,TTGT,MARINO ROGER M,Director,"Jul 21, 2020",$33.82,30131,1019030,1598884,"Jul 22, 2020, 04:16 PM",sell
85,TTGT,MARINO ROGER M,Director,"Jul 20, 2020",$33.45,60146,2011884,241955,"Jul 22, 2020, 04:16 PM",sell
86,ADPT,GOEL DAVID E.,Director,"Jul 20, 2020",$40.00,2000000,80000000,13115090,"Jul 22, 2020, 04:15 PM",sell
87,MS,Hotsuki Keishi,Chief Risk Officer,"Jul 20, 2020",$52.00,19000,988000,243666,"Jul 22, 2020, 04:11 PM",sell
88,IMUX,Groeppel Manfred,Chief Operating Officer,"Jul 20, 2020",$14.44,5000,72200,279480,"Jul 22, 2020, 04:06 PM",sell
89,IMUX,Groeppel Manfred,Chief Operating Officer,"Jul 21, 2020",$15.62,650,10155,278830,"Jul 22, 2020, 04:06 PM",sell
90,IMUX,Vitt Daniel,Chief Executive Officer,"Jul 21, 2020",$15.62,1300,20310,362877,"Jul 22, 2020, 04:05 PM",sell
91,IMUX,Vitt Daniel,Chief Executive Officer,"Jul 20, 2020",$14.44,5000,72200,364177,"Jul 22, 2020, 04:05 PM",sell
92,NK,Simon Barry J.,See remarks,"Jul 21, 2020",$15.50,1565,24258,3170540,"Jul 22, 2020, 04:05 PM",sell
93,NK,Simon Barry J.,See remarks,"Jul 20, 2020",$15.53,128435,1995071,3170540,"Jul 22, 2020, 04:05 PM",sell
94,HOOK,SOFINNOVA CAPITAL VI FCPR,10% Owner,"Jun 29, 2020",$11.78,3280,38628,3960574,"Jul 22, 2020, 04:03 PM",sell
95,HOOK,SOFINNOVA CAPITAL VI FCPR,10% Owner,"Jul 20, 2020",$11.94,12483,149102,3948091,"Jul 22, 2020, 04:03 PM",sell
96,AAOI,Chang Hung-Lun (Fred),*** See Remarks,"Jul 20, 2020",$12.00,1080,12960,104379,"Jul 22, 2020, 04:01 PM",sell
97,JBHT,Bracy Kevin,"VP, Treasurer","Jul 22, 2020",$133.26,1249,166445,3599,"Jul 22, 2020, 03:53 PM",sell
98,KR,MOORE CLYDE R,Director,"Jul 21, 2020",$34.89,13000,453570,119677,"Jul 22, 2020, 03:40 PM",sell
99,UFPI,PETERS ALLEN T,"Pres & COO, UFP Retail, LLC","Jul 22, 2020",$52.00,1767,91884,127224,"Jul 22, 2020, 03:25 PM",sell
100,ISRG,Samath Jamie,SVP of Finance,"Jul 21, 2020",$663.33,752,498824,207,"Jul 22, 2020, 03:15 PM",sell
101,ISRG,LEVY ALAN J,Director,"Jul 21, 2020",$670.71,1800,1207276,7839,"Jul 22, 2020, 03:13 PM",sell
